observed_at,collected_at,world,players_online,status
2026-09-22T19:27:46Z,2026-09-22T19:28:01.219264Z,Aethera,37,online
2026-09-22T19:27:46Z,2026-09-22T19:28:01.219264Z,Antica,992,online
2026-09-22T19:27:46Z,2026-09-22T19:28:01.219264Z,Astera,304,online
2026-09-22T19:27:46Z,2026-09-22T19:28:01.219264Z,Belobra,326,online
2026-09-22T19:27:46Z,2026-09-22T19:28:01.219264Z,Blumera,149,online
2026-09-22T19:27:46Z,2026-09-22T19:28:01.219264Z,Bona,563,online
2026-09-22T19:27:46Z,2026-09-22T19:28:01.219264Z,Bravoria,98,online
2026-09-22T19:27:46Z,2026-09-22T19:28:01.219264Z,Calmera,199,online
2026-09-22T19:27:46Z,2026-09-22T19:28:01.219264Z,Cantabra,100,online
2026-09-22T19:27:46Z,2026-09-22T19:28:01.219264Z,Celebra,220,online
2026-09-22T19:27:46Z,2026-09-22T19:28:01.219264Z,Celesta,532,online
2026-09-22T19:27:46Z,2026-09-22T19:28:01.219264Z,Citra,103,online
2026-09-22T19:27:46Z,2026-09-22T19:28:01.219264Z,Collabra,199,online
2026-09-22T19:27:46Z,2026-09-22T19:28:01.219264Z,Descubra,208,online
2026-09-22T19:27:46Z,2026-09-22T19:28:01.219264Z,Dia,351,online
2026-09-22T19:27:46Z,2026-09-22T19:28:01.219264Z,Dracobra,88,online
2026-09-22T19:27:46Z,2026-09-22T19:28:01.219264Z,Eclipta,32,online
2026-09-22T19:27:46Z,2026-09-22T19:28:01.219264Z,Epoca,61,online
2026-09-22T19:27:46Z,2026-09-22T19:28:01.219264Z,Escura,2,online
2026-09-22T19:27:46Z,2026-09-22T19:28:01.219264Z,Etebra,105,online
2026-09-22T19:27:46Z,2026-09-22T19:28:01.219264Z,Ferobra,280,online
2026-09-22T19:27:46Z,2026-09-22T19:28:01.219264Z,Firmera,27,online
2026-09-22T19:27:46Z,2026-09-22T19:28:01.219264Z,Floribra,146,online
2026-09-22T19:27:46Z,2026-09-22T19:28:01.219264Z,Gentebra,250,online
2026-09-22T19:27:46Z,2026-09-22T19:28:01.219264Z,Gladera,135,online
2026-09-22T19:27:46Z,2026-09-22T19:28:01.219264Z,Gladibra,27,online
2026-09-22T19:27:46Z,2026-09-22T19:28:01.219264Z,Harmonia,377,online
2026-09-22T19:27:46Z,2026-09-22T19:28:01.219264Z,Havera,248,online
2026-09-22T19:27:46Z,2026-09-22T19:28:01.219264Z,Honbra,223,online
2026-09-22T19:27:46Z,2026-09-22T19:28:01.219264Z,Hostera,21,online
2026-09-22T19:27:46Z,2026-09-22T19:28:01.219264Z,Idyllia,45,online
2026-09-22T19:27:46Z,2026-09-22T19:28:01.219264Z,Ignibra,8,online
2026-09-22T19:27:46Z,2026-09-22T19:28:01.219264Z,Ignitera,28,online
2026-09-22T19:27:46Z,2026-09-22T19:28:01.219264Z,Inabra,375,online
2026-09-22T19:27:46Z,2026-09-22T19:28:01.219264Z,Issobra,140,online
2026-09-22T19:27:46Z,2026-09-22T19:28:01.219264Z,Jadebra,177,online
2026-09-22T19:27:46Z,2026-09-22T19:28:01.219264Z,Jinxibra,41,online
2026-09-22T19:27:46Z,2026-09-22T19:28:01.219264Z,Junera,67,online
2026-09-22T19:27:46Z,2026-09-22T19:28:01.219264Z,Kalanta,227,online
2026-09-22T19:27:46Z,2026-09-22T19:28:01.219264Z,Kalibra,247,online
2026-09-22T19:27:46Z,2026-09-22T19:28:01.219264Z,Kalimera,58,online
2026-09-22T19:27:46Z,2026-09-22T19:28:01.219264Z,Kanda,180,online
2026-09-22T19:27:46Z,2026-09-22T19:28:01.219264Z,Karmeya,340,online
2026-09-22T19:27:46Z,2026-09-22T19:28:01.219264Z,Lobera,304,online
2026-09-22T19:27:46Z,2026-09-22T19:28:01.219264Z,Luminera,199,online
2026-09-22T19:27:46Z,2026-09-22T19:28:01.219264Z,Lutabra,15,online
2026-09-22T19:27:46Z,2026-09-22T19:28:01.219264Z,Luzibra,63,online
2026-09-22T19:27:46Z,2026-09-22T19:28:01.219264Z,Maligna,49,online
2026-09-22T19:27:46Z,2026-09-22T19:28:01.219264Z,Menera,157,online
2026-09-22T19:27:46Z,2026-09-22T19:28:01.219264Z,Monstera,44,online
2026-09-22T19:27:46Z,2026-09-22T19:28:01.219264Z,Monza,426,online
2026-09-22T19:27:46Z,2026-09-22T19:28:01.219264Z,Mystera,5,online
2026-09-22T19:27:46Z,2026-09-22T19:28:01.219264Z,Nefera,280,online
2026-09-22T19:27:46Z,2026-09-22T19:28:01.219264Z,Nevia,727,online
2026-09-22T19:27:46Z,2026-09-22T19:28:01.219264Z,Noctalia,88,online
2026-09-22T19:27:46Z,2026-09-22T19:28:01.219264Z,Oceanis,26,online
2026-09-22T19:27:46Z,2026-09-22T19:28:01.219264Z,Ombra,169,online
2026-09-22T19:27:46Z,2026-09-22T19:28:01.219264Z,Opulera,64,online
2026-09-22T19:27:46Z,2026-09-22T19:28:01.219264Z,Ourobra,242,online
2026-09-22T19:27:46Z,2026-09-22T19:28:01.219264Z,Pacera,234,online
2026-09-22T19:27:46Z,2026-09-22T19:28:01.219264Z,Peloria,429,online
2026-09-22T19:27:46Z,2026-09-22T19:28:01.219264Z,Penumbra,2,online
2026-09-22T19:27:46Z,2026-09-22T19:28:01.219264Z,Premia,207,online
2026-09-22T19:27:46Z,2026-09-22T19:28:01.219264Z,Quelibra,246,online
2026-09-22T19:27:46Z,2026-09-22T19:28:01.219264Z,Quidera,220,online
2026-09-22T19:27:46Z,2026-09-22T19:28:01.219264Z,Quintera,225,online
2026-09-22T19:27:46Z,2026-09-22T19:28:01.219264Z,Rasteibra,235,online
2026-09-22T19:27:46Z,2026-09-22T19:28:01.219264Z,Refugia,493,online
2026-09-22T19:27:46Z,2026-09-22T19:28:01.219264Z,Retalia,54,online
2026-09-22T19:27:46Z,2026-09-22T19:28:01.219264Z,Secura,966,online
2026-09-22T19:27:46Z,2026-09-22T19:28:01.219264Z,Serdebra,305,online
2026-09-22T19:27:46Z,2026-09-22T19:28:01.219264Z,Sinistra,123,online
2026-09-22T19:27:46Z,2026-09-22T19:28:01.219264Z,Solidera,258,online
2026-09-22T19:27:46Z,2026-09-22T19:28:01.219264Z,Sombra,14,online
2026-09-22T19:27:46Z,2026-09-22T19:28:01.219264Z,Sonira,102,online
2026-09-22T19:27:46Z,2026-09-22T19:28:01.219264Z,Stralis,12,online
2026-09-22T19:27:46Z,2026-09-22T19:28:01.219264Z,Talera,323,online
2026-09-22T19:27:46Z,2026-09-22T19:28:01.219264Z,Tempestera,17,online
2026-09-22T19:27:46Z,2026-09-22T19:28:01.219264Z,Terribra,90,online
2026-09-22T19:27:46Z,2026-09-22T19:28:01.219264Z,Thyria,425,online
2026-09-22T19:27:46Z,2026-09-22T19:28:01.219264Z,Tornabra,131,online
2026-09-22T19:27:46Z,2026-09-22T19:28:01.219264Z,Unebra,140,online
2026-09-22T19:27:46Z,2026-09-22T19:28:01.219264Z,Ustebra,415,online
2026-09-22T19:27:46Z,2026-09-22T19:28:01.219264Z,Venebra,170,online
2026-09-22T19:27:46Z,2026-09-22T19:28:01.219264Z,Victoris,12,online
2026-09-22T19:27:46Z,2026-09-22T19:28:01.219264Z,Vunira,490,online
2026-09-22T19:27:46Z,2026-09-22T19:28:01.219264Z,Wickera,61,online
2026-09-22T19:27:46Z,2026-09-22T19:28:01.219264Z,Wintera,237,online
2026-09-22T19:27:46Z,2026-09-22T19:28:01.219264Z,Xybra,64,online
2026-09-22T19:27:46Z,2026-09-22T19:28:01.219264Z,Xyla,274,online
2026-09-22T19:27:46Z,2026-09-22T19:28:01.219264Z,Xymera,95,online
2026-09-22T19:27:46Z,2026-09-22T19:28:01.219264Z,Yonabra,208,online
2026-09-22T19:27:46Z,2026-09-22T19:28:01.219264Z,Yovera,219,online
2026-09-22T19:27:46Z,2026-09-22T19:28:01.219264Z,Yubra,96,online
2026-09-22T19:27:46Z,2026-09-22T19:28:01.219264Z,Zuna,19,online
2026-09-22T19:27:46Z,2026-09-22T19:28:01.219264Z,Zunera,16,online
2026-09-22T22:21:50Z,2026-09-22T22:22:43.566835Z,Aethera,44,online
2026-09-22T22:21:50Z,2026-09-22T22:22:43.566835Z,Antica,549,online
2026-09-22T22:21:50Z,2026-09-22T22:22:43.566835Z,Astera,397,online
2026-09-22T22:21:50Z,2026-09-22T22:22:43.566835Z,Belobra,419,online
2026-09-22T22:21:50Z,2026-09-22T22:22:43.566835Z,Blumera,175,online
2026-09-22T22:21:50Z,2026-09-22T22:22:43.566835Z,Bona,223,online
2026-09-22T22:21:50Z,2026-09-22T22:22:43.566835Z,Bravoria,37,online
2026-09-22T22:21:50Z,2026-09-22T22:22:43.566835Z,Calmera,233,online
2026-09-22T22:21:50Z,2026-09-22T22:22:43.566835Z,Cantabra,148,online
2026-09-22T22:21:50Z,2026-09-22T22:22:43.566835Z,Celebra,328,online
2026-09-22T22:21:50Z,2026-09-22T22:22:43.566835Z,Celesta,195,online
2026-09-22T22:21:50Z,2026-09-22T22:22:43.566835Z,Citra,51,online
2026-09-22T22:21:50Z,2026-09-22T22:22:43.566835Z,Collabra,246,online
2026-09-22T22:21:50Z,2026-09-22T22:22:43.566835Z,Descubra,366,online
2026-09-22T22:21:50Z,2026-09-22T22:22:43.566835Z,Dia,149,online
2026-09-22T22:21:50Z,2026-09-22T22:22:43.566835Z,Dracobra,92,online
2026-09-22T22:21:50Z,2026-09-22T22:22:43.566835Z,Eclipta,13,online
2026-09-22T22:21:50Z,2026-09-22T22:22:43.566835Z,Epoca,26,online
2026-09-22T22:21:50Z,2026-09-22T22:22:43.566835Z,Escura,0,offline
2026-09-22T22:21:50Z,2026-09-22T22:22:43.566835Z,Etebra,130,online
2026-09-22T22:21:50Z,2026-09-22T22:22:43.566835Z,Ferobra,384,online
2026-09-22T22:21:50Z,2026-09-22T22:22:43.566835Z,Firmera,37,online
2026-09-22T22:21:50Z,2026-09-22T22:22:43.566835Z,Floribra,204,online
2026-09-22T22:21:50Z,2026-09-22T22:22:43.566835Z,Gentebra,355,online
2026-09-22T22:21:50Z,2026-09-22T22:22:43.566835Z,Gladera,149,online
2026-09-22T22:21:50Z,2026-09-22T22:22:43.566835Z,Gladibra,21,online
2026-09-22T22:21:50Z,2026-09-22T22:22:43.566835Z,Harmonia,170,online
2026-09-22T22:21:50Z,2026-09-22T22:22:43.566835Z,Havera,287,online
2026-09-22T22:21:50Z,2026-09-22T22:22:43.566835Z,Honbra,322,online
2026-09-22T22:21:50Z,2026-09-22T22:22:43.566835Z,Hostera,31,online
2026-09-22T22:21:50Z,2026-09-22T22:22:43.566835Z,Idyllia,11,online
2026-09-22T22:21:50Z,2026-09-22T22:22:43.566835Z,Ignibra,6,online
2026-09-22T22:21:50Z,2026-09-22T22:22:43.566835Z,Ignitera,36,online
2026-09-22T22:21:50Z,2026-09-22T22:22:43.566835Z,Inabra,467,online
2026-09-22T22:21:50Z,2026-09-22T22:22:43.566835Z,Issobra,183,online
2026-09-22T22:21:50Z,2026-09-22T22:22:43.566835Z,Jadebra,279,online
2026-09-22T22:21:50Z,2026-09-22T22:22:43.566835Z,Jinxibra,61,online
2026-09-22T22:21:50Z,2026-09-22T22:22:43.566835Z,Junera,77,online
2026-09-22T22:21:50Z,2026-09-22T22:22:43.566835Z,Kalanta,85,online
2026-09-22T22:21:50Z,2026-09-22T22:22:43.566835Z,Kalibra,359,online
2026-09-22T22:21:50Z,2026-09-22T22:22:43.566835Z,Kalimera,68,online
2026-09-22T22:21:50Z,2026-09-22T22:22:43.566835Z,Kanda,81,online
2026-09-22T22:21:50Z,2026-09-22T22:22:43.566835Z,Karmeya,143,online
2026-09-22T22:21:50Z,2026-09-22T22:22:43.566835Z,Lobera,373,online
2026-09-22T22:21:50Z,2026-09-22T22:22:43.566835Z,Luminera,235,online
2026-09-22T22:21:50Z,2026-09-22T22:22:43.566835Z,Lutabra,27,online
2026-09-22T22:21:50Z,2026-09-22T22:22:43.566835Z,Luzibra,93,online
2026-09-22T22:21:50Z,2026-09-22T22:22:43.566835Z,Maligna,49,online
2026-09-22T22:21:50Z,2026-09-22T22:22:43.566835Z,Menera,195,online
2026-09-22T22:21:50Z,2026-09-22T22:22:43.566835Z,Monstera,55,online
2026-09-22T22:21:50Z,2026-09-22T22:22:43.566835Z,Monza,206,online
2026-09-22T22:21:50Z,2026-09-22T22:22:43.566835Z,Mystera,10,online
2026-09-22T22:21:50Z,2026-09-22T22:22:43.566835Z,Nefera,378,online
2026-09-22T22:21:50Z,2026-09-22T22:22:43.566835Z,Nevia,308,online
2026-09-22T22:21:50Z,2026-09-22T22:22:43.566835Z,Noctalia,34,online
2026-09-22T22:21:50Z,2026-09-22T22:22:43.566835Z,Oceanis,18,online
2026-09-22T22:21:50Z,2026-09-22T22:22:43.566835Z,Ombra,242,online
2026-09-22T22:21:50Z,2026-09-22T22:22:43.566835Z,Opulera,67,online
2026-09-22T22:21:50Z,2026-09-22T22:22:43.566835Z,Ourobra,292,online
2026-09-22T22:21:50Z,2026-09-22T22:22:43.566835Z,Pacera,256,online
2026-09-22T22:21:50Z,2026-09-22T22:22:43.566835Z,Peloria,209,online
2026-09-22T22:21:50Z,2026-09-22T22:22:43.566835Z,Penumbra,6,online
2026-09-22T22:21:50Z,2026-09-22T22:22:43.566835Z,Premia,110,online
2026-09-22T22:21:50Z,2026-09-22T22:22:43.566835Z,Quelibra,333,online
2026-09-22T22:21:50Z,2026-09-22T22:22:43.566835Z,Quidera,208,online
2026-09-22T22:21:50Z,2026-09-22T22:22:43.566835Z,Quintera,263,online
2026-09-22T22:21:50Z,2026-09-22T22:22:43.566835Z,Rasteibra,371,online
2026-09-22T22:21:50Z,2026-09-22T22:22:43.566835Z,Refugia,198,online
2026-09-22T22:21:50Z,2026-09-22T22:22:43.566835Z,Retalia,23,online
2026-09-22T22:21:50Z,2026-09-22T22:22:43.566835Z,Secura,434,online
2026-09-22T22:21:50Z,2026-09-22T22:22:43.566835Z,Serdebra,384,online
2026-09-22T22:21:50Z,2026-09-22T22:22:43.566835Z,Sinistra,44,online
2026-09-22T22:21:50Z,2026-09-22T22:22:43.566835Z,Solidera,316,online
2026-09-22T22:21:50Z,2026-09-22T22:22:43.566835Z,Sombra,24,online
2026-09-22T22:21:50Z,2026-09-22T22:22:43.566835Z,Sonira,37,online
2026-09-22T22:21:50Z,2026-09-22T22:22:43.566835Z,Stralis,11,online
2026-09-22T22:21:50Z,2026-09-22T22:22:43.566835Z,Talera,297,online
2026-09-22T22:21:50Z,2026-09-22T22:22:43.566835Z,Tempestera,28,online
2026-09-22T22:21:50Z,2026-09-22T22:22:43.566835Z,Terribra,111,online
2026-09-22T22:21:50Z,2026-09-22T22:22:43.566835Z,Thyria,169,online
2026-09-22T22:21:50Z,2026-09-22T22:22:43.566835Z,Tornabra,202,online
2026-09-22T22:21:50Z,2026-09-22T22:22:43.566835Z,Unebra,219,online
2026-09-22T22:21:50Z,2026-09-22T22:22:43.566835Z,Ustebra,545,online
2026-09-22T22:21:50Z,2026-09-22T22:22:43.566835Z,Venebra,237,online
2026-09-22T22:21:50Z,2026-09-22T22:22:43.566835Z,Victoris,20,online
2026-09-22T22:21:50Z,2026-09-22T22:22:43.566835Z,Vunira,219,online
2026-09-22T22:21:50Z,2026-09-22T22:22:43.566835Z,Wickera,79,online
2026-09-22T22:21:50Z,2026-09-22T22:22:43.566835Z,Wintera,301,online
2026-09-22T22:21:50Z,2026-09-22T22:22:43.566835Z,Xybra,95,online
2026-09-22T22:21:50Z,2026-09-22T22:22:43.566835Z,Xyla,108,online
2026-09-22T22:21:50Z,2026-09-22T22:22:43.566835Z,Xymera,106,online
2026-09-22T22:21:50Z,2026-09-22T22:22:43.566835Z,Yonabra,300,online
2026-09-22T22:21:50Z,2026-09-22T22:22:43.566835Z,Yovera,275,online
2026-09-22T22:21:50Z,2026-09-22T22:22:43.566835Z,Yubra,141,online
2026-09-22T22:21:50Z,2026-09-22T22:22:43.566835Z,Zuna,9,online
2026-09-22T22:21:50Z,2026-09-22T22:22:43.566835Z,Zunera,9,online
2026-09-23T00:49:44Z,2026-09-23T00:50:16.796928Z,Aethera,47,online
2026-09-23T00:49:44Z,2026-09-23T00:50:16.796928Z,Antica,231,online
2026-09-23T00:49:44Z,2026-09-23T00:50:16.796928Z,Astera,436,online
2026-09-23T00:49:44Z,2026-09-23T00:50:16.796928Z,Belobra,478,online
2026-09-23T00:49:44Z,2026-09-23T00:50:16.796928Z,Blumera,217,online
2026-09-23T00:49:44Z,2026-09-23T00:50:16.796928Z,Bona,103,online
2026-09-23T00:49:44Z,2026-09-23T00:50:16.796928Z,Bravoria,24,online
2026-09-23T00:49:44Z,2026-09-23T00:50:16.796928Z,Calmera,296,online
2026-09-23T00:49:44Z,2026-09-23T00:50:16.796928Z,Cantabra,197,online
2026-09-23T00:49:44Z,2026-09-23T00:50:16.796928Z,Celebra,339,online
2026-09-23T00:49:44Z,2026-09-23T00:50:16.796928Z,Celesta,82,online
2026-09-23T00:49:44Z,2026-09-23T00:50:16.796928Z,Citra,33,online
2026-09-23T00:49:44Z,2026-09-23T00:50:16.796928Z,Collabra,286,online
2026-09-23T00:49:44Z,2026-09-23T00:50:16.796928Z,Descubra,356,online
2026-09-23T00:49:44Z,2026-09-23T00:50:16.796928Z,Dia,55,online
2026-09-23T00:49:44Z,2026-09-23T00:50:16.796928Z,Dracobra,132,online
2026-09-23T00:49:44Z,2026-09-23T00:50:16.796928Z,Eclipta,7,online
2026-09-23T00:49:44Z,2026-09-23T00:50:16.796928Z,Epoca,18,online
2026-09-23T00:49:44Z,2026-09-23T00:50:16.796928Z,Escura,0,offline
2026-09-23T00:49:44Z,2026-09-23T00:50:16.796928Z,Etebra,172,online
2026-09-23T00:49:44Z,2026-09-23T00:50:16.796928Z,Ferobra,451,online
2026-09-23T00:49:44Z,2026-09-23T00:50:16.796928Z,Firmera,52,online
2026-09-23T00:49:44Z,2026-09-23T00:50:16.796928Z,Floribra,237,online
2026-09-23T00:49:44Z,2026-09-23T00:50:16.796928Z,Gentebra,457,online
2026-09-23T00:49:44Z,2026-09-23T00:50:16.796928Z,Gladera,196,online
2026-09-23T00:49:44Z,2026-09-23T00:50:16.796928Z,Gladibra,40,online
2026-09-23T00:49:44Z,2026-09-23T00:50:16.796928Z,Harmonia,57,online
2026-09-23T00:49:44Z,2026-09-23T00:50:16.796928Z,Havera,352,online
2026-09-23T00:49:44Z,2026-09-23T00:50:16.796928Z,Honbra,323,online
2026-09-23T00:49:44Z,2026-09-23T00:50:16.796928Z,Hostera,36,online
2026-09-23T00:49:44Z,2026-09-23T00:50:16.796928Z,Idyllia,8,online
2026-09-23T00:49:44Z,2026-09-23T00:50:16.796928Z,Ignibra,8,online
2026-09-23T00:49:44Z,2026-09-23T00:50:16.796928Z,Ignitera,45,online
2026-09-23T00:49:44Z,2026-09-23T00:50:16.796928Z,Inabra,503,online
2026-09-23T00:49:44Z,2026-09-23T00:50:16.796928Z,Issobra,230,online
2026-09-23T00:49:44Z,2026-09-23T00:50:16.796928Z,Jadebra,309,online
2026-09-23T00:49:44Z,2026-09-23T00:50:16.796928Z,Jinxibra,64,online
2026-09-23T00:49:44Z,2026-09-23T00:50:16.796928Z,Junera,101,online
2026-09-23T00:49:44Z,2026-09-23T00:50:16.796928Z,Kalanta,39,online
2026-09-23T00:49:44Z,2026-09-23T00:50:16.796928Z,Kalibra,413,online
2026-09-23T00:49:44Z,2026-09-23T00:50:16.796928Z,Kalimera,68,online
2026-09-23T00:49:44Z,2026-09-23T00:50:16.796928Z,Kanda,43,online
2026-09-23T00:49:44Z,2026-09-23T00:50:16.796928Z,Karmeya,57,online
2026-09-23T00:49:44Z,2026-09-23T00:50:16.796928Z,Lobera,415,online
2026-09-23T00:49:44Z,2026-09-23T00:50:16.796928Z,Luminera,245,online
2026-09-23T00:49:44Z,2026-09-23T00:50:16.796928Z,Lutabra,22,online
2026-09-23T00:49:44Z,2026-09-23T00:50:16.796928Z,Luzibra,118,online
2026-09-23T00:49:44Z,2026-09-23T00:50:16.796928Z,Maligna,24,online
2026-09-23T00:49:44Z,2026-09-23T00:50:16.796928Z,Menera,232,online
2026-09-23T00:49:44Z,2026-09-23T00:50:16.796928Z,Monstera,57,online
2026-09-23T00:49:44Z,2026-09-23T00:50:16.796928Z,Monza,95,online
2026-09-23T00:49:44Z,2026-09-23T00:50:16.796928Z,Mystera,8,online
2026-09-23T00:49:44Z,2026-09-23T00:50:16.796928Z,Nefera,398,online
2026-09-23T00:49:44Z,2026-09-23T00:50:16.796928Z,Nevia,106,online
2026-09-23T00:49:44Z,2026-09-23T00:50:16.796928Z,Noctalia,16,online
2026-09-23T00:49:44Z,2026-09-23T00:50:16.796928Z,Oceanis,33,online
2026-09-23T00:49:44Z,2026-09-23T00:50:16.796928Z,Ombra,295,online
2026-09-23T00:49:44Z,2026-09-23T00:50:16.796928Z,Opulera,80,online
2026-09-23T00:49:44Z,2026-09-23T00:50:16.796928Z,Ourobra,348,online
2026-09-23T00:49:44Z,2026-09-23T00:50:16.796928Z,Pacera,335,online
2026-09-23T00:49:44Z,2026-09-23T00:50:16.796928Z,Peloria,106,online
2026-09-23T00:49:44Z,2026-09-23T00:50:16.796928Z,Penumbra,9,online
2026-09-23T00:49:44Z,2026-09-23T00:50:16.796928Z,Premia,54,online
2026-09-23T00:49:44Z,2026-09-23T00:50:16.796928Z,Quelibra,429,online
2026-09-23T00:49:44Z,2026-09-23T00:50:16.796928Z,Quidera,278,online
2026-09-23T00:49:44Z,2026-09-23T00:50:16.796928Z,Quintera,316,online
2026-09-23T00:49:44Z,2026-09-23T00:50:16.796928Z,Rasteibra,442,online
2026-09-23T00:49:44Z,2026-09-23T00:50:16.796928Z,Refugia,77,online
2026-09-23T00:49:44Z,2026-09-23T00:50:16.796928Z,Retalia,13,online
2026-09-23T00:49:44Z,2026-09-23T00:50:16.796928Z,Secura,170,online
2026-09-23T00:49:44Z,2026-09-23T00:50:16.796928Z,Serdebra,428,online
2026-09-23T00:49:44Z,2026-09-23T00:50:16.796928Z,Sinistra,13,online
2026-09-23T00:49:44Z,2026-09-23T00:50:16.796928Z,Solidera,339,online
2026-09-23T00:49:44Z,2026-09-23T00:50:16.796928Z,Sombra,20,online
2026-09-23T00:49:44Z,2026-09-23T00:50:16.796928Z,Sonira,21,online
2026-09-23T00:49:44Z,2026-09-23T00:50:16.796928Z,Stralis,16,online
2026-09-23T00:49:44Z,2026-09-23T00:50:16.796928Z,Talera,433,online
2026-09-23T00:49:44Z,2026-09-23T00:50:16.796928Z,Tempestera,30,online
2026-09-23T00:49:44Z,2026-09-23T00:50:16.796928Z,Terribra,102,online
2026-09-23T00:49:44Z,2026-09-23T00:50:16.796928Z,Thyria,71,online
2026-09-23T00:49:44Z,2026-09-23T00:50:16.796928Z,Tornabra,250,online
2026-09-23T00:49:44Z,2026-09-23T00:50:16.796928Z,Unebra,232,online
2026-09-23T00:49:44Z,2026-09-23T00:50:16.796928Z,Ustebra,695,online
2026-09-23T00:49:44Z,2026-09-23T00:50:16.796928Z,Venebra,287,online
2026-09-23T00:49:44Z,2026-09-23T00:50:16.796928Z,Victoris,19,online
2026-09-23T00:49:44Z,2026-09-23T00:50:16.796928Z,Vunira,112,online
2026-09-23T00:49:44Z,2026-09-23T00:50:16.796928Z,Wickera,104,online
2026-09-23T00:49:44Z,2026-09-23T00:50:16.796928Z,Wintera,450,online
2026-09-23T00:49:44Z,2026-09-23T00:50:16.796928Z,Xybra,115,online
2026-09-23T00:49:44Z,2026-09-23T00:50:16.796928Z,Xyla,45,online
2026-09-23T00:49:44Z,2026-09-23T00:50:16.796928Z,Xymera,107,online
2026-09-23T00:49:44Z,2026-09-23T00:50:16.796928Z,Yonabra,334,online
2026-09-23T00:49:44Z,2026-09-23T00:50:16.796928Z,Yovera,373,online
2026-09-23T00:49:44Z,2026-09-23T00:50:16.796928Z,Yubra,167,online
2026-09-23T00:49:44Z,2026-09-23T00:50:16.796928Z,Zuna,9,online
2026-09-23T00:49:44Z,2026-09-23T00:50:16.796928Z,Zunera,19,online
2026-09-23T06:21:17Z,2026-09-23T06:21:59.380269Z,Aethera,41,online
2026-09-23T06:21:17Z,2026-09-23T06:21:59.380269Z,Antica,256,online
2026-09-23T06:21:17Z,2026-09-23T06:21:59.380269Z,Astera,190,online
2026-09-23T06:21:17Z,2026-09-23T06:21:59.380269Z,Belobra,65,online
2026-09-23T06:21:17Z,2026-09-23T06:21:59.380269Z,Blumera,96,online
2026-09-23T06:21:17Z,2026-09-23T06:21:59.380269Z,Bona,145,online
2026-09-23T06:21:17Z,2026-09-23T06:21:59.380269Z,Bravoria,22,online
2026-09-23T06:21:17Z,2026-09-23T06:21:59.380269Z,Calmera,123,online
2026-09-23T06:21:17Z,2026-09-23T06:21:59.380269Z,Cantabra,21,online
2026-09-23T06:21:17Z,2026-09-23T06:21:59.380269Z,Celebra,40,online
2026-09-23T06:21:17Z,2026-09-23T06:21:59.380269Z,Celesta,135,online
2026-09-23T06:21:17Z,2026-09-23T06:21:59.380269Z,Citra,24,online
2026-09-23T06:21:17Z,2026-09-23T06:21:59.380269Z,Collabra,43,online
2026-09-23T06:21:17Z,2026-09-23T06:21:59.380269Z,Descubra,44,online
2026-09-23T06:21:17Z,2026-09-23T06:21:59.380269Z,Dia,109,online
2026-09-23T06:21:17Z,2026-09-23T06:21:59.380269Z,Dracobra,19,online
2026-09-23T06:21:17Z,2026-09-23T06:21:59.380269Z,Eclipta,9,online
2026-09-23T06:21:17Z,2026-09-23T06:21:59.380269Z,Epoca,15,online
2026-09-23T06:21:17Z,2026-09-23T06:21:59.380269Z,Escura,2,online
2026-09-23T06:21:17Z,2026-09-23T06:21:59.380269Z,Etebra,19,online
2026-09-23T06:21:17Z,2026-09-23T06:21:59.380269Z,Ferobra,55,online
2026-09-23T06:21:17Z,2026-09-23T06:21:59.380269Z,Firmera,24,online
2026-09-23T06:21:17Z,2026-09-23T06:21:59.380269Z,Floribra,35,online
2026-09-23T06:21:17Z,2026-09-23T06:21:59.380269Z,Gentebra,68,online
2026-09-23T06:21:17Z,2026-09-23T06:21:59.380269Z,Gladera,80,online
2026-09-23T06:21:17Z,2026-09-23T06:21:59.380269Z,Gladibra,8,online
2026-09-23T06:21:17Z,2026-09-23T06:21:59.380269Z,Harmonia,95,online
2026-09-23T06:21:17Z,2026-09-23T06:21:59.380269Z,Havera,180,online
2026-09-23T06:21:17Z,2026-09-23T06:21:59.380269Z,Honbra,43,online
2026-09-23T06:21:17Z,2026-09-23T06:21:59.380269Z,Hostera,26,online
2026-09-23T06:21:17Z,2026-09-23T06:21:59.380269Z,Idyllia,9,online
2026-09-23T06:21:17Z,2026-09-23T06:21:59.380269Z,Ignibra,1,online
2026-09-23T06:21:17Z,2026-09-23T06:21:59.380269Z,Ignitera,34,online
2026-09-23T06:21:17Z,2026-09-23T06:21:59.380269Z,Inabra,83,online
2026-09-23T06:21:17Z,2026-09-23T06:21:59.380269Z,Issobra,14,online
2026-09-23T06:21:17Z,2026-09-23T06:21:59.380269Z,Jadebra,32,online
2026-09-23T06:21:17Z,2026-09-23T06:21:59.380269Z,Jinxibra,20,online
2026-09-23T06:21:17Z,2026-09-23T06:21:59.380269Z,Junera,42,online
2026-09-23T06:21:17Z,2026-09-23T06:21:59.380269Z,Kalanta,62,online
2026-09-23T06:21:17Z,2026-09-23T06:21:59.380269Z,Kalibra,50,online
2026-09-23T06:21:17Z,2026-09-23T06:21:59.380269Z,Kalimera,24,online
2026-09-23T06:21:17Z,2026-09-23T06:21:59.380269Z,Kanda,56,online
2026-09-23T06:21:17Z,2026-09-23T06:21:59.380269Z,Karmeya,91,online
2026-09-23T06:21:17Z,2026-09-23T06:21:59.380269Z,Lobera,181,online
2026-09-23T06:21:17Z,2026-09-23T06:21:59.380269Z,Luminera,123,online
2026-09-23T06:21:17Z,2026-09-23T06:21:59.380269Z,Lutabra,5,online
2026-09-23T06:21:17Z,2026-09-23T06:21:59.380269Z,Luzibra,20,online
2026-09-23T06:21:17Z,2026-09-23T06:21:59.380269Z,Maligna,30,online
2026-09-23T06:21:17Z,2026-09-23T06:21:59.380269Z,Menera,97,online
2026-09-23T06:21:17Z,2026-09-23T06:21:59.380269Z,Monstera,19,online
2026-09-23T06:21:17Z,2026-09-23T06:21:59.380269Z,Monza,104,online
2026-09-23T06:21:17Z,2026-09-23T06:21:59.380269Z,Mystera,10,online
2026-09-23T06:21:17Z,2026-09-23T06:21:59.380269Z,Nefera,160,online
2026-09-23T06:21:17Z,2026-09-23T06:21:59.380269Z,Nevia,174,online
2026-09-23T06:21:17Z,2026-09-23T06:21:59.380269Z,Noctalia,20,online
2026-09-23T06:21:17Z,2026-09-23T06:21:59.380269Z,Oceanis,31,online
2026-09-23T06:21:17Z,2026-09-23T06:21:59.380269Z,Ombra,32,online
2026-09-23T06:21:17Z,2026-09-23T06:21:59.380269Z,Opulera,52,online
2026-09-23T06:21:17Z,2026-09-23T06:21:59.380269Z,Ourobra,46,online
2026-09-23T06:21:17Z,2026-09-23T06:21:59.380269Z,Pacera,134,online
2026-09-23T06:21:17Z,2026-09-23T06:21:59.380269Z,Peloria,142,online
2026-09-23T06:21:17Z,2026-09-23T06:21:59.380269Z,Penumbra,1,online
2026-09-23T06:21:17Z,2026-09-23T06:21:59.380269Z,Premia,52,online
2026-09-23T06:21:17Z,2026-09-23T06:21:59.380269Z,Quelibra,58,online
2026-09-23T06:21:17Z,2026-09-23T06:21:59.380269Z,Quidera,140,online
2026-09-23T06:21:17Z,2026-09-23T06:21:59.380269Z,Quintera,143,online
2026-09-23T06:21:17Z,2026-09-23T06:21:59.380269Z,Rasteibra,60,online
2026-09-23T06:21:17Z,2026-09-23T06:21:59.380269Z,Refugia,147,online
2026-09-23T06:21:17Z,2026-09-23T06:21:59.380269Z,Retalia,14,online
2026-09-23T06:21:17Z,2026-09-23T06:21:59.380269Z,Secura,306,online
2026-09-23T06:21:17Z,2026-09-23T06:21:59.380269Z,Serdebra,57,online
2026-09-23T06:21:17Z,2026-09-23T06:21:59.380269Z,Sinistra,27,online
2026-09-23T06:21:17Z,2026-09-23T06:21:59.380269Z,Solidera,246,online
2026-09-23T06:21:17Z,2026-09-23T06:21:59.380269Z,Sombra,3,online
2026-09-23T06:21:17Z,2026-09-23T06:21:59.380269Z,Sonira,33,online
2026-09-23T06:21:17Z,2026-09-23T06:21:59.380269Z,Stralis,12,online
2026-09-23T06:21:17Z,2026-09-23T06:21:59.380269Z,Talera,215,online
2026-09-23T06:21:17Z,2026-09-23T06:21:59.380269Z,Tempestera,34,online
2026-09-23T06:21:17Z,2026-09-23T06:21:59.380269Z,Terribra,17,online
2026-09-23T06:21:17Z,2026-09-23T06:21:59.380269Z,Thyria,125,online
2026-09-23T06:21:17Z,2026-09-23T06:21:59.380269Z,Tornabra,24,online
2026-09-23T06:21:17Z,2026-09-23T06:21:59.380269Z,Unebra,42,online
2026-09-23T06:21:17Z,2026-09-23T06:21:59.380269Z,Ustebra,101,online
2026-09-23T06:21:17Z,2026-09-23T06:21:59.380269Z,Venebra,36,online
2026-09-23T06:21:17Z,2026-09-23T06:21:59.380269Z,Victoris,19,online
2026-09-23T06:21:17Z,2026-09-23T06:21:59.380269Z,Vunira,133,online
2026-09-23T06:21:17Z,2026-09-23T06:21:59.380269Z,Wickera,62,online
2026-09-23T06:21:17Z,2026-09-23T06:21:59.380269Z,Wintera,189,online
2026-09-23T06:21:17Z,2026-09-23T06:21:59.380269Z,Xybra,13,online
2026-09-23T06:21:17Z,2026-09-23T06:21:59.380269Z,Xyla,45,online
2026-09-23T06:21:17Z,2026-09-23T06:21:59.380269Z,Xymera,48,online
2026-09-23T06:21:17Z,2026-09-23T06:21:59.380269Z,Yonabra,44,online
2026-09-23T06:21:17Z,2026-09-23T06:21:59.380269Z,Yovera,162,online
2026-09-23T06:21:17Z,2026-09-23T06:21:59.380269Z,Yubra,20,online
2026-09-23T06:21:17Z,2026-09-23T06:21:59.380269Z,Zuna,5,online
2026-09-23T06:21:17Z,2026-09-23T06:21:59.380269Z,Zunera,5,online
2026-09-23T11:56:55Z,2026-09-23T11:57:12.304172Z,Aethera,19,online
2026-09-23T11:56:55Z,2026-09-23T11:57:12.304172Z,Antica,486,online
2026-09-23T11:56:55Z,2026-09-23T11:57:12.304172Z,Astera,162,online
2026-09-23T11:56:55Z,2026-09-23T11:57:12.304172Z,Belobra,222,online
2026-09-23T11:56:55Z,2026-09-23T11:57:12.304172Z,Blumera,75,online
2026-09-23T11:56:55Z,2026-09-23T11:57:12.304172Z,Bona,234,online
2026-09-23T11:56:55Z,2026-09-23T11:57:12.304172Z,Bravoria,44,online
2026-09-23T11:56:55Z,2026-09-23T11:57:12.304172Z,Calmera,97,online
2026-09-23T11:56:55Z,2026-09-23T11:57:12.304172Z,Cantabra,92,online
2026-09-23T11:56:55Z,2026-09-23T11:57:12.304172Z,Celebra,170,online
2026-09-23T11:56:55Z,2026-09-23T11:57:12.304172Z,Celesta,226,online
2026-09-23T11:56:55Z,2026-09-23T11:57:12.304172Z,Citra,48,online
2026-09-23T11:56:55Z,2026-09-23T11:57:12.304172Z,Collabra,162,online
2026-09-23T11:56:55Z,2026-09-23T11:57:12.304172Z,Descubra,160,online
2026-09-23T11:56:55Z,2026-09-23T11:57:12.304172Z,Dia,172,online
2026-09-23T11:56:55Z,2026-09-23T11:57:12.304172Z,Dracobra,46,online
2026-09-23T11:56:55Z,2026-09-23T11:57:12.304172Z,Eclipta,16,online
2026-09-23T11:56:55Z,2026-09-23T11:57:12.304172Z,Epoca,25,online
2026-09-23T11:56:55Z,2026-09-23T11:57:12.304172Z,Escura,4,online
2026-09-23T11:56:55Z,2026-09-23T11:57:12.304172Z,Etebra,91,online
2026-09-23T11:56:55Z,2026-09-23T11:57:12.304172Z,Ferobra,181,online
2026-09-23T11:56:55Z,2026-09-23T11:57:12.304172Z,Firmera,18,online
2026-09-23T11:56:55Z,2026-09-23T11:57:12.304172Z,Floribra,87,online
2026-09-23T11:56:55Z,2026-09-23T11:57:12.304172Z,Gentebra,217,online
2026-09-23T11:56:55Z,2026-09-23T11:57:12.304172Z,Gladera,74,online
2026-09-23T11:56:55Z,2026-09-23T11:57:12.304172Z,Gladibra,9,online
2026-09-23T11:56:55Z,2026-09-23T11:57:12.304172Z,Harmonia,173,online
2026-09-23T11:56:55Z,2026-09-23T11:57:12.304172Z,Havera,106,online
2026-09-23T11:56:55Z,2026-09-23T11:57:12.304172Z,Honbra,131,online
2026-09-23T11:56:55Z,2026-09-23T11:57:12.304172Z,Hostera,7,online
2026-09-23T11:56:55Z,2026-09-23T11:57:12.304172Z,Idyllia,19,online
2026-09-23T11:56:55Z,2026-09-23T11:57:12.304172Z,Ignibra,7,online
2026-09-23T11:56:55Z,2026-09-23T11:57:12.304172Z,Ignitera,20,online
2026-09-23T11:56:55Z,2026-09-23T11:57:12.304172Z,Inabra,272,online
2026-09-23T11:56:55Z,2026-09-23T11:57:12.304172Z,Issobra,102,online
2026-09-23T11:56:55Z,2026-09-23T11:57:12.304172Z,Jadebra,134,online
2026-09-23T11:56:55Z,2026-09-23T11:57:12.304172Z,Jinxibra,17,online
2026-09-23T11:56:55Z,2026-09-23T11:57:12.304172Z,Junera,40,online
2026-09-23T11:56:55Z,2026-09-23T11:57:12.304172Z,Kalanta,98,online
2026-09-23T11:56:55Z,2026-09-23T11:57:12.304172Z,Kalibra,174,online
2026-09-23T11:56:55Z,2026-09-23T11:57:12.304172Z,Kalimera,23,online
2026-09-23T11:56:55Z,2026-09-23T11:57:12.304172Z,Kanda,81,online
2026-09-23T11:56:55Z,2026-09-23T11:57:12.304172Z,Karmeya,161,online
2026-09-23T11:56:55Z,2026-09-23T11:57:12.304172Z,Lobera,132,online
2026-09-23T11:56:55Z,2026-09-23T11:57:12.304172Z,Luminera,93,online
2026-09-23T11:56:55Z,2026-09-23T11:57:12.304172Z,Lutabra,10,online
2026-09-23T11:56:55Z,2026-09-23T11:57:12.304172Z,Luzibra,43,online
2026-09-23T11:56:55Z,2026-09-23T11:57:12.304172Z,Maligna,41,online
2026-09-23T11:56:55Z,2026-09-23T11:57:12.304172Z,Menera,75,online
2026-09-23T11:56:55Z,2026-09-23T11:57:12.304172Z,Monstera,18,online
2026-09-23T11:56:55Z,2026-09-23T11:57:12.304172Z,Monza,180,online
2026-09-23T11:56:55Z,2026-09-23T11:57:12.304172Z,Mystera,4,online
2026-09-23T11:56:55Z,2026-09-23T11:57:12.304172Z,Nefera,156,online
2026-09-23T11:56:55Z,2026-09-23T11:57:12.304172Z,Nevia,328,online
2026-09-23T11:56:55Z,2026-09-23T11:57:12.304172Z,Noctalia,28,online
2026-09-23T11:56:55Z,2026-09-23T11:57:12.304172Z,Oceanis,46,online
2026-09-23T11:56:55Z,2026-09-23T11:57:12.304172Z,Ombra,138,online
2026-09-23T11:56:55Z,2026-09-23T11:57:12.304172Z,Opulera,21,online
2026-09-23T11:56:55Z,2026-09-23T11:57:12.304172Z,Ourobra,151,online
2026-09-23T11:56:55Z,2026-09-23T11:57:12.304172Z,Pacera,116,online
2026-09-23T11:56:55Z,2026-09-23T11:57:12.304172Z,Peloria,201,online
2026-09-23T11:56:55Z,2026-09-23T11:57:12.304172Z,Penumbra,3,online
2026-09-23T11:56:55Z,2026-09-23T11:57:12.304172Z,Premia,75,online
2026-09-23T11:56:55Z,2026-09-23T11:57:12.304172Z,Quelibra,182,online
2026-09-23T11:56:55Z,2026-09-23T11:57:12.304172Z,Quidera,100,online
2026-09-23T11:56:55Z,2026-09-23T11:57:12.304172Z,Quintera,123,online
2026-09-23T11:56:55Z,2026-09-23T11:57:12.304172Z,Rasteibra,150,online
2026-09-23T11:56:55Z,2026-09-23T11:57:12.304172Z,Refugia,215,online
2026-09-23T11:56:55Z,2026-09-23T11:57:12.304172Z,Retalia,24,online
2026-09-23T11:56:55Z,2026-09-23T11:57:12.304172Z,Secura,449,online
2026-09-23T11:56:55Z,2026-09-23T11:57:12.304172Z,Serdebra,184,online
2026-09-23T11:56:55Z,2026-09-23T11:57:12.304172Z,Sinistra,41,online
2026-09-23T11:56:55Z,2026-09-23T11:57:12.304172Z,Solidera,114,online
2026-09-23T11:56:55Z,2026-09-23T11:57:12.304172Z,Sombra,8,online
2026-09-23T11:56:55Z,2026-09-23T11:57:12.304172Z,Sonira,38,online
2026-09-23T11:56:55Z,2026-09-23T11:57:12.304172Z,Stralis,22,online
2026-09-23T11:56:55Z,2026-09-23T11:57:12.304172Z,Talera,123,online
2026-09-23T11:56:55Z,2026-09-23T11:57:12.304172Z,Tempestera,10,online
2026-09-23T11:56:55Z,2026-09-23T11:57:12.304172Z,Terribra,86,online
2026-09-23T11:56:55Z,2026-09-23T11:57:12.304172Z,Thyria,156,online
2026-09-23T11:56:55Z,2026-09-23T11:57:12.304172Z,Tornabra,114,online
2026-09-23T11:56:55Z,2026-09-23T11:57:12.304172Z,Unebra,96,online
2026-09-23T11:56:55Z,2026-09-23T11:57:12.304172Z,Ustebra,281,online
2026-09-23T11:56:55Z,2026-09-23T11:57:12.304172Z,Venebra,123,online
2026-09-23T11:56:55Z,2026-09-23T11:57:12.304172Z,Victoris,49,online
2026-09-23T11:56:55Z,2026-09-23T11:57:12.304172Z,Vunira,210,online
2026-09-23T11:56:55Z,2026-09-23T11:57:12.304172Z,Wickera,27,online
2026-09-23T11:56:55Z,2026-09-23T11:57:12.304172Z,Wintera,126,online
2026-09-23T11:56:55Z,2026-09-23T11:57:12.304172Z,Xybra,35,online
2026-09-23T11:56:55Z,2026-09-23T11:57:12.304172Z,Xyla,96,online
2026-09-23T11:56:55Z,2026-09-23T11:57:12.304172Z,Xymera,49,online
2026-09-23T11:56:55Z,2026-09-23T11:57:12.304172Z,Yonabra,168,online
2026-09-23T11:56:55Z,2026-09-23T11:57:12.304172Z,Yovera,96,online
2026-09-23T11:56:55Z,2026-09-23T11:57:12.304172Z,Yubra,90,online
2026-09-23T11:56:55Z,2026-09-23T11:57:12.304172Z,Zuna,8,online
2026-09-23T11:56:55Z,2026-09-23T11:57:12.304172Z,Zunera,3,online
2026-09-23T17:21:00Z,2026-09-23T17:21:57.910246Z,Aethera,31,online
2026-09-23T17:21:00Z,2026-09-23T17:21:57.910246Z,Antica,919,online
2026-09-23T17:21:00Z,2026-09-23T17:21:57.910246Z,Astera,256,online
2026-09-23T17:21:00Z,2026-09-23T17:21:57.910246Z,Belobra,317,online
2026-09-23T17:21:00Z,2026-09-23T17:21:57.910246Z,Blumera,119,online
2026-09-23T17:21:00Z,2026-09-23T17:21:57.910246Z,Bona,452,online
2026-09-23T17:21:00Z,2026-09-23T17:21:57.910246Z,Bravoria,81,online
2026-09-23T17:21:00Z,2026-09-23T17:21:57.910246Z,Calmera,188,online
2026-09-23T17:21:00Z,2026-09-23T17:21:57.910246Z,Cantabra,101,online
2026-09-23T17:21:00Z,2026-09-23T17:21:57.910246Z,Celebra,216,online
2026-09-23T17:21:00Z,2026-09-23T17:21:57.910246Z,Celesta,468,online
2026-09-23T17:21:00Z,2026-09-23T17:21:57.910246Z,Citra,101,online
2026-09-23T17:21:00Z,2026-09-23T17:21:57.910246Z,Collabra,188,online
2026-09-23T17:21:00Z,2026-09-23T17:21:57.910246Z,Descubra,202,online
2026-09-23T17:21:00Z,2026-09-23T17:21:57.910246Z,Dia,325,online
2026-09-23T17:21:00Z,2026-09-23T17:21:57.910246Z,Dracobra,79,online
2026-09-23T17:21:00Z,2026-09-23T17:21:57.910246Z,Eclipta,28,online
2026-09-23T17:21:00Z,2026-09-23T17:21:57.910246Z,Epoca,69,online
2026-09-23T17:21:00Z,2026-09-23T17:21:57.910246Z,Escura,5,online
2026-09-23T17:21:00Z,2026-09-23T17:21:57.910246Z,Etebra,103,online
2026-09-23T17:21:00Z,2026-09-23T17:21:57.910246Z,Ferobra,288,online
2026-09-23T17:21:00Z,2026-09-23T17:21:57.910246Z,Firmera,31,online
2026-09-23T17:21:00Z,2026-09-23T17:21:57.910246Z,Floribra,103,online
2026-09-23T17:21:00Z,2026-09-23T17:21:57.910246Z,Gentebra,287,online
2026-09-23T17:21:00Z,2026-09-23T17:21:57.910246Z,Gladera,102,online
2026-09-23T17:21:00Z,2026-09-23T17:21:57.910246Z,Gladibra,17,online
2026-09-23T17:21:00Z,2026-09-23T17:21:57.910246Z,Harmonia,328,online
2026-09-23T17:21:00Z,2026-09-23T17:21:57.910246Z,Havera,225,online
2026-09-23T17:21:00Z,2026-09-23T17:21:57.910246Z,Honbra,197,online
2026-09-23T17:21:00Z,2026-09-23T17:21:57.910246Z,Hostera,25,online
2026-09-23T17:21:00Z,2026-09-23T17:21:57.910246Z,Idyllia,32,online
2026-09-23T17:21:00Z,2026-09-23T17:21:57.910246Z,Ignibra,3,online
2026-09-23T17:21:00Z,2026-09-23T17:21:57.910246Z,Ignitera,30,online
2026-09-23T17:21:00Z,2026-09-23T17:21:57.910246Z,Inabra,307,online
2026-09-23T17:21:00Z,2026-09-23T17:21:57.910246Z,Issobra,113,online
2026-09-23T17:21:00Z,2026-09-23T17:21:57.910246Z,Jadebra,164,online
2026-09-23T17:21:00Z,2026-09-23T17:21:57.910246Z,Jinxibra,39,online
2026-09-23T17:21:00Z,2026-09-23T17:21:57.910246Z,Junera,56,online
2026-09-23T17:21:00Z,2026-09-23T17:21:57.910246Z,Kalanta,174,online
2026-09-23T17:21:00Z,2026-09-23T17:21:57.910246Z,Kalibra,232,online
2026-09-23T17:21:00Z,2026-09-23T17:21:57.910246Z,Kalimera,48,online
2026-09-23T17:21:00Z,2026-09-23T17:21:57.910246Z,Kanda,147,online
2026-09-23T17:21:00Z,2026-09-23T17:21:57.910246Z,Karmeya,319,online
2026-09-23T17:21:00Z,2026-09-23T17:21:57.910246Z,Lobera,271,online
2026-09-23T17:21:00Z,2026-09-23T17:21:57.910246Z,Luminera,178,online
2026-09-23T17:21:00Z,2026-09-23T17:21:57.910246Z,Lutabra,17,online
2026-09-23T17:21:00Z,2026-09-23T17:21:57.910246Z,Luzibra,57,online
2026-09-23T17:21:00Z,2026-09-23T17:21:57.910246Z,Maligna,61,online
2026-09-23T17:21:00Z,2026-09-23T17:21:57.910246Z,Menera,133,online
2026-09-23T17:21:00Z,2026-09-23T17:21:57.910246Z,Monstera,37,online
2026-09-23T17:21:00Z,2026-09-23T17:21:57.910246Z,Monza,417,online
2026-09-23T17:21:00Z,2026-09-23T17:21:57.910246Z,Mystera,5,online
2026-09-23T17:21:00Z,2026-09-23T17:21:57.910246Z,Nefera,246,online
2026-09-23T17:21:00Z,2026-09-23T17:21:57.910246Z,Nevia,592,online
2026-09-23T17:21:00Z,2026-09-23T17:21:57.910246Z,Noctalia,75,online
2026-09-23T17:21:00Z,2026-09-23T17:21:57.910246Z,Oceanis,28,online
2026-09-23T17:21:00Z,2026-09-23T17:21:57.910246Z,Ombra,155,online
2026-09-23T17:21:00Z,2026-09-23T17:21:57.910246Z,Opulera,55,online
2026-09-23T17:21:00Z,2026-09-23T17:21:57.910246Z,Ourobra,192,online
2026-09-23T17:21:00Z,2026-09-23T17:21:57.910246Z,Pacera,195,online
2026-09-23T17:21:00Z,2026-09-23T17:21:57.910246Z,Peloria,384,online
2026-09-23T17:21:00Z,2026-09-23T17:21:57.910246Z,Penumbra,6,online
2026-09-23T17:21:00Z,2026-09-23T17:21:57.910246Z,Premia,200,online
2026-09-23T17:21:00Z,2026-09-23T17:21:57.910246Z,Quelibra,247,online
2026-09-23T17:21:00Z,2026-09-23T17:21:57.910246Z,Quidera,208,online
2026-09-23T17:21:00Z,2026-09-23T17:21:57.910246Z,Quintera,180,online
2026-09-23T17:21:00Z,2026-09-23T17:21:57.910246Z,Rasteibra,220,online
2026-09-23T17:21:00Z,2026-09-23T17:21:57.910246Z,Refugia,401,online
2026-09-23T17:21:00Z,2026-09-23T17:21:57.910246Z,Retalia,51,online
2026-09-23T17:21:00Z,2026-09-23T17:21:57.910246Z,Secura,817,online
2026-09-23T17:21:00Z,2026-09-23T17:21:57.910246Z,Serdebra,251,online
2026-09-23T17:21:00Z,2026-09-23T17:21:57.910246Z,Sinistra,76,online
2026-09-23T17:21:00Z,2026-09-23T17:21:57.910246Z,Solidera,246,online
2026-09-23T17:21:00Z,2026-09-23T17:21:57.910246Z,Sombra,17,online
2026-09-23T17:21:00Z,2026-09-23T17:21:57.910246Z,Sonira,71,online
2026-09-23T17:21:00Z,2026-09-23T17:21:57.910246Z,Stralis,10,online
2026-09-23T17:21:00Z,2026-09-23T17:21:57.910246Z,Talera,272,online
2026-09-23T17:21:00Z,2026-09-23T17:21:57.910246Z,Tempestera,18,online
2026-09-23T17:21:00Z,2026-09-23T17:21:57.910246Z,Terribra,88,online
2026-09-23T17:21:00Z,2026-09-23T17:21:57.910246Z,Thyria,369,online
2026-09-23T17:21:00Z,2026-09-23T17:21:57.910246Z,Tornabra,115,online
2026-09-23T17:21:00Z,2026-09-23T17:21:57.910246Z,Unebra,110,online
2026-09-23T17:21:00Z,2026-09-23T17:21:57.910246Z,Ustebra,402,online
2026-09-23T17:21:00Z,2026-09-23T17:21:57.910246Z,Venebra,174,online
2026-09-23T17:21:00Z,2026-09-23T17:21:57.910246Z,Victoris,16,online
2026-09-23T17:21:00Z,2026-09-23T17:21:57.910246Z,Vunira,413,online
2026-09-23T17:21:00Z,2026-09-23T17:21:57.910246Z,Wickera,71,online
2026-09-23T17:21:00Z,2026-09-23T17:21:57.910246Z,Wintera,225,online
2026-09-23T17:21:00Z,2026-09-23T17:21:57.910246Z,Xybra,57,online
2026-09-23T17:21:00Z,2026-09-23T17:21:57.910246Z,Xyla,243,online
2026-09-23T17:21:00Z,2026-09-23T17:21:57.910246Z,Xymera,87,online
2026-09-23T17:21:00Z,2026-09-23T17:21:57.910246Z,Yonabra,182,online
2026-09-23T17:21:00Z,2026-09-23T17:21:57.910246Z,Yovera,188,online
2026-09-23T17:21:00Z,2026-09-23T17:21:57.910246Z,Yubra,80,online
2026-09-23T17:21:00Z,2026-09-23T17:21:57.910246Z,Zuna,14,online
2026-09-23T17:21:00Z,2026-09-23T17:21:57.910246Z,Zunera,8,online
2026-09-23T20:35:10Z,2026-09-23T20:36:02.891771Z,Aethera,43,online
2026-09-23T20:35:10Z,2026-09-23T20:36:02.891771Z,Antica,927,online
2026-09-23T20:35:10Z,2026-09-23T20:36:02.891771Z,Astera,331,online
2026-09-23T20:35:10Z,2026-09-23T20:36:02.891771Z,Belobra,339,online
2026-09-23T20:35:10Z,2026-09-23T20:36:02.891771Z,Blumera,150,online
2026-09-23T20:35:10Z,2026-09-23T20:36:02.891771Z,Bona,427,online
2026-09-23T20:35:10Z,2026-09-23T20:36:02.891771Z,Bravoria,84,online
2026-09-23T20:35:10Z,2026-09-23T20:36:02.891771Z,Calmera,218,online
2026-09-23T20:35:10Z,2026-09-23T20:36:02.891771Z,Cantabra,100,online
2026-09-23T20:35:10Z,2026-09-23T20:36:02.891771Z,Celebra,209,online
2026-09-23T20:35:10Z,2026-09-23T20:36:02.891771Z,Celesta,391,online
2026-09-23T20:35:10Z,2026-09-23T20:36:02.891771Z,Citra,99,online
2026-09-23T20:35:10Z,2026-09-23T20:36:02.891771Z,Collabra,172,online
2026-09-23T20:35:10Z,2026-09-23T20:36:02.891771Z,Descubra,220,online
2026-09-23T20:35:10Z,2026-09-23T20:36:02.891771Z,Dia,275,online
2026-09-23T20:35:10Z,2026-09-23T20:36:02.891771Z,Dracobra,79,online
2026-09-23T20:35:10Z,2026-09-23T20:36:02.891771Z,Eclipta,24,online
2026-09-23T20:35:10Z,2026-09-23T20:36:02.891771Z,Epoca,61,online
2026-09-23T20:35:10Z,2026-09-23T20:36:02.891771Z,Escura,4,online
2026-09-23T20:35:10Z,2026-09-23T20:36:02.891771Z,Etebra,92,online
2026-09-23T20:35:10Z,2026-09-23T20:36:02.891771Z,Ferobra,384,online
2026-09-23T20:35:10Z,2026-09-23T20:36:02.891771Z,Firmera,30,online
2026-09-23T20:35:10Z,2026-09-23T20:36:02.891771Z,Floribra,111,online
2026-09-23T20:35:10Z,2026-09-23T20:36:02.891771Z,Gentebra,276,online
2026-09-23T20:35:10Z,2026-09-23T20:36:02.891771Z,Gladera,128,online
2026-09-23T20:35:10Z,2026-09-23T20:36:02.891771Z,Gladibra,20,online
2026-09-23T20:35:10Z,2026-09-23T20:36:02.891771Z,Harmonia,312,online
2026-09-23T20:35:10Z,2026-09-23T20:36:02.891771Z,Havera,241,online
2026-09-23T20:35:10Z,2026-09-23T20:36:02.891771Z,Honbra,214,online
2026-09-23T20:35:10Z,2026-09-23T20:36:02.891771Z,Hostera,16,online
2026-09-23T20:35:10Z,2026-09-23T20:36:02.891771Z,Idyllia,38,online
2026-09-23T20:35:10Z,2026-09-23T20:36:02.891771Z,Ignibra,7,online
2026-09-23T20:35:10Z,2026-09-23T20:36:02.891771Z,Ignitera,35,online
2026-09-23T20:35:10Z,2026-09-23T20:36:02.891771Z,Inabra,337,online
2026-09-23T20:35:10Z,2026-09-23T20:36:02.891771Z,Issobra,129,online
2026-09-23T20:35:10Z,2026-09-23T20:36:02.891771Z,Jadebra,180,online
2026-09-23T20:35:10Z,2026-09-23T20:36:02.891771Z,Jinxibra,29,online
2026-09-23T20:35:10Z,2026-09-23T20:36:02.891771Z,Junera,65,online
2026-09-23T20:35:10Z,2026-09-23T20:36:02.891771Z,Kalanta,183,online
2026-09-23T20:35:10Z,2026-09-23T20:36:02.891771Z,Kalibra,244,online
2026-09-23T20:35:10Z,2026-09-23T20:36:02.891771Z,Kalimera,47,online
2026-09-23T20:35:10Z,2026-09-23T20:36:02.891771Z,Kanda,149,online
2026-09-23T20:35:10Z,2026-09-23T20:36:02.891771Z,Karmeya,280,online
2026-09-23T20:35:10Z,2026-09-23T20:36:02.891771Z,Lobera,331,online
2026-09-23T20:35:10Z,2026-09-23T20:36:02.891771Z,Luminera,187,online
2026-09-23T20:35:10Z,2026-09-23T20:36:02.891771Z,Lutabra,13,online
2026-09-23T20:35:10Z,2026-09-23T20:36:02.891771Z,Luzibra,59,online
2026-09-23T20:35:10Z,2026-09-23T20:36:02.891771Z,Maligna,74,online
2026-09-23T20:35:10Z,2026-09-23T20:36:02.891771Z,Menera,152,online
2026-09-23T20:35:10Z,2026-09-23T20:36:02.891771Z,Monstera,41,online
2026-09-23T20:35:10Z,2026-09-23T20:36:02.891771Z,Monza,370,online
2026-09-23T20:35:10Z,2026-09-23T20:36:02.891771Z,Mystera,4,online
2026-09-23T20:35:10Z,2026-09-23T20:36:02.891771Z,Nefera,311,online
2026-09-23T20:35:10Z,2026-09-23T20:36:02.891771Z,Nevia,580,online
2026-09-23T20:35:10Z,2026-09-23T20:36:02.891771Z,Noctalia,68,online
2026-09-23T20:35:10Z,2026-09-23T20:36:02.891771Z,Oceanis,30,online
2026-09-23T20:35:10Z,2026-09-23T20:36:02.891771Z,Ombra,165,online
2026-09-23T20:35:10Z,2026-09-23T20:36:02.891771Z,Opulera,50,online
2026-09-23T20:35:10Z,2026-09-23T20:36:02.891771Z,Ourobra,205,online
2026-09-23T20:35:10Z,2026-09-23T20:36:02.891771Z,Pacera,218,online
2026-09-23T20:35:10Z,2026-09-23T20:36:02.891771Z,Peloria,435,online
2026-09-23T20:35:10Z,2026-09-23T20:36:02.891771Z,Penumbra,4,online
2026-09-23T20:35:10Z,2026-09-23T20:36:02.891771Z,Premia,178,online
2026-09-23T20:35:10Z,2026-09-23T20:36:02.891771Z,Quelibra,266,online
2026-09-23T20:35:10Z,2026-09-23T20:36:02.891771Z,Quidera,203,online
2026-09-23T20:35:10Z,2026-09-23T20:36:02.891771Z,Quintera,213,online
2026-09-23T20:35:10Z,2026-09-23T20:36:02.891771Z,Rasteibra,224,online
2026-09-23T20:35:10Z,2026-09-23T20:36:02.891771Z,Refugia,384,online
2026-09-23T20:35:10Z,2026-09-23T20:36:02.891771Z,Retalia,46,online
2026-09-23T20:35:10Z,2026-09-23T20:36:02.891771Z,Secura,795,online
2026-09-23T20:35:10Z,2026-09-23T20:36:02.891771Z,Serdebra,267,online
2026-09-23T20:35:10Z,2026-09-23T20:36:02.891771Z,Sinistra,109,online
2026-09-23T20:35:10Z,2026-09-23T20:36:02.891771Z,Solidera,239,online
2026-09-23T20:35:10Z,2026-09-23T20:36:02.891771Z,Sombra,21,online
2026-09-23T20:35:10Z,2026-09-23T20:36:02.891771Z,Sonira,73,online
2026-09-23T20:35:10Z,2026-09-23T20:36:02.891771Z,Stralis,12,online
2026-09-23T20:35:10Z,2026-09-23T20:36:02.891771Z,Talera,310,online
2026-09-23T20:35:10Z,2026-09-23T20:36:02.891771Z,Tempestera,26,online
2026-09-23T20:35:10Z,2026-09-23T20:36:02.891771Z,Terribra,66,online
2026-09-23T20:35:10Z,2026-09-23T20:36:02.891771Z,Thyria,326,online
2026-09-23T20:35:10Z,2026-09-23T20:36:02.891771Z,Tornabra,146,online
2026-09-23T20:35:10Z,2026-09-23T20:36:02.891771Z,Unebra,159,online
2026-09-23T20:35:10Z,2026-09-23T20:36:02.891771Z,Ustebra,437,online
2026-09-23T20:35:10Z,2026-09-23T20:36:02.891771Z,Venebra,192,online
2026-09-23T20:35:10Z,2026-09-23T20:36:02.891771Z,Victoris,12,online
2026-09-23T20:35:10Z,2026-09-23T20:36:02.891771Z,Vunira,445,online
2026-09-23T20:35:10Z,2026-09-23T20:36:02.891771Z,Wickera,58,online
2026-09-23T20:35:10Z,2026-09-23T20:36:02.891771Z,Wintera,273,online
2026-09-23T20:35:10Z,2026-09-23T20:36:02.891771Z,Xybra,64,online
2026-09-23T20:35:10Z,2026-09-23T20:36:02.891771Z,Xyla,216,online
2026-09-23T20:35:10Z,2026-09-23T20:36:02.891771Z,Xymera,91,online
2026-09-23T20:35:10Z,2026-09-23T20:36:02.891771Z,Yonabra,204,online
2026-09-23T20:35:10Z,2026-09-23T20:36:02.891771Z,Yovera,229,online
2026-09-23T20:35:10Z,2026-09-23T20:36:02.891771Z,Yubra,103,online
2026-09-23T20:35:10Z,2026-09-23T20:36:02.891771Z,Zuna,9,online
2026-09-23T20:35:10Z,2026-09-23T20:36:02.891771Z,Zunera,10,online
2026-09-23T23:51:29Z,2026-09-23T23:51:45.236373Z,Aethera,45,online
2026-09-23T23:51:29Z,2026-09-23T23:51:45.236373Z,Antica,322,online
2026-09-23T23:51:29Z,2026-09-23T23:51:45.236373Z,Astera,395,online
2026-09-23T23:51:29Z,2026-09-23T23:51:45.236373Z,Belobra,505,online
2026-09-23T23:51:29Z,2026-09-23T23:51:45.236373Z,Blumera,208,online
2026-09-23T23:51:29Z,2026-09-23T23:51:45.236373Z,Bona,116,online
2026-09-23T23:51:29Z,2026-09-23T23:51:45.236373Z,Bravoria,31,online
2026-09-23T23:51:29Z,2026-09-23T23:51:45.236373Z,Calmera,278,online
2026-09-23T23:51:29Z,2026-09-23T23:51:45.236373Z,Cantabra,149,online
2026-09-23T23:51:29Z,2026-09-23T23:51:45.236373Z,Celebra,346,online
2026-09-23T23:51:29Z,2026-09-23T23:51:45.236373Z,Celesta,123,online
2026-09-23T23:51:29Z,2026-09-23T23:51:45.236373Z,Citra,43,online
2026-09-23T23:51:29Z,2026-09-23T23:51:45.236373Z,Collabra,310,online
2026-09-23T23:51:29Z,2026-09-23T23:51:45.236373Z,Descubra,353,online
2026-09-23T23:51:29Z,2026-09-23T23:51:45.236373Z,Dia,88,online
2026-09-23T23:51:29Z,2026-09-23T23:51:45.236373Z,Dracobra,129,online
2026-09-23T23:51:29Z,2026-09-23T23:51:45.236373Z,Eclipta,14,online
2026-09-23T23:51:29Z,2026-09-23T23:51:45.236373Z,Epoca,27,online
2026-09-23T23:51:29Z,2026-09-23T23:51:45.236373Z,Escura,5,online
2026-09-23T23:51:29Z,2026-09-23T23:51:45.236373Z,Etebra,161,online
2026-09-23T23:51:29Z,2026-09-23T23:51:45.236373Z,Ferobra,433,online
2026-09-23T23:51:29Z,2026-09-23T23:51:45.236373Z,Firmera,48,online
2026-09-23T23:51:29Z,2026-09-23T23:51:45.236373Z,Floribra,217,online
2026-09-23T23:51:29Z,2026-09-23T23:51:45.236373Z,Gentebra,415,online
2026-09-23T23:51:29Z,2026-09-23T23:51:45.236373Z,Gladera,184,online
2026-09-23T23:51:29Z,2026-09-23T23:51:45.236373Z,Gladibra,44,online
2026-09-23T23:51:29Z,2026-09-23T23:51:45.236373Z,Harmonia,82,online
2026-09-23T23:51:29Z,2026-09-23T23:51:45.236373Z,Havera,342,online
2026-09-23T23:51:29Z,2026-09-23T23:51:45.236373Z,Honbra,344,online
2026-09-23T23:51:29Z,2026-09-23T23:51:45.236373Z,Hostera,35,online
2026-09-23T23:51:29Z,2026-09-23T23:51:45.236373Z,Idyllia,13,online
2026-09-23T23:51:29Z,2026-09-23T23:51:45.236373Z,Ignibra,10,online
2026-09-23T23:51:29Z,2026-09-23T23:51:45.236373Z,Ignitera,50,online
2026-09-23T23:51:29Z,2026-09-23T23:51:45.236373Z,Inabra,538,online
2026-09-23T23:51:29Z,2026-09-23T23:51:45.236373Z,Issobra,209,online
2026-09-23T23:51:29Z,2026-09-23T23:51:45.236373Z,Jadebra,303,online
2026-09-23T23:51:29Z,2026-09-23T23:51:45.236373Z,Jinxibra,68,online
2026-09-23T23:51:29Z,2026-09-23T23:51:45.236373Z,Junera,84,online
2026-09-23T23:51:29Z,2026-09-23T23:51:45.236373Z,Kalanta,39,online
2026-09-23T23:51:29Z,2026-09-23T23:51:45.236373Z,Kalibra,385,online
2026-09-23T23:51:29Z,2026-09-23T23:51:45.236373Z,Kalimera,61,online
2026-09-23T23:51:29Z,2026-09-23T23:51:45.236373Z,Kanda,47,online
2026-09-23T23:51:29Z,2026-09-23T23:51:45.236373Z,Karmeya,73,online
2026-09-23T23:51:29Z,2026-09-23T23:51:45.236373Z,Lobera,439,online
2026-09-23T23:51:29Z,2026-09-23T23:51:45.236373Z,Luminera,245,online
2026-09-23T23:51:29Z,2026-09-23T23:51:45.236373Z,Lutabra,34,online
2026-09-23T23:51:29Z,2026-09-23T23:51:45.236373Z,Luzibra,107,online
2026-09-23T23:51:29Z,2026-09-23T23:51:45.236373Z,Maligna,28,online
2026-09-23T23:51:29Z,2026-09-23T23:51:45.236373Z,Menera,206,online
2026-09-23T23:51:29Z,2026-09-23T23:51:45.236373Z,Monstera,58,online
2026-09-23T23:51:29Z,2026-09-23T23:51:45.236373Z,Monza,126,online
2026-09-23T23:51:29Z,2026-09-23T23:51:45.236373Z,Mystera,6,online
2026-09-23T23:51:29Z,2026-09-23T23:51:45.236373Z,Nefera,371,online
2026-09-23T23:51:29Z,2026-09-23T23:51:45.236373Z,Nevia,142,online
2026-09-23T23:51:29Z,2026-09-23T23:51:45.236373Z,Noctalia,22,online
2026-09-23T23:51:29Z,2026-09-23T23:51:45.236373Z,Oceanis,30,online
2026-09-23T23:51:29Z,2026-09-23T23:51:45.236373Z,Ombra,302,online
2026-09-23T23:51:29Z,2026-09-23T23:51:45.236373Z,Opulera,77,online
2026-09-23T23:51:29Z,2026-09-23T23:51:45.236373Z,Ourobra,366,online
2026-09-23T23:51:29Z,2026-09-23T23:51:45.236373Z,Pacera,327,online
2026-09-23T23:51:29Z,2026-09-23T23:51:45.236373Z,Peloria,133,online
2026-09-23T23:51:29Z,2026-09-23T23:51:45.236373Z,Penumbra,4,online
2026-09-23T23:51:29Z,2026-09-23T23:51:45.236373Z,Premia,58,online
2026-09-23T23:51:29Z,2026-09-23T23:51:45.236373Z,Quelibra,378,online
2026-09-23T23:51:29Z,2026-09-23T23:51:45.236373Z,Quidera,248,online
2026-09-23T23:51:29Z,2026-09-23T23:51:45.236373Z,Quintera,305,online
2026-09-23T23:51:29Z,2026-09-23T23:51:45.236373Z,Rasteibra,349,online
2026-09-23T23:51:29Z,2026-09-23T23:51:45.236373Z,Refugia,116,online
2026-09-23T23:51:29Z,2026-09-23T23:51:45.236373Z,Retalia,14,online
2026-09-23T23:51:29Z,2026-09-23T23:51:45.236373Z,Secura,231,online
2026-09-23T23:51:29Z,2026-09-23T23:51:45.236373Z,Serdebra,514,online
2026-09-23T23:51:29Z,2026-09-23T23:51:45.236373Z,Sinistra,17,online
2026-09-23T23:51:29Z,2026-09-23T23:51:45.236373Z,Solidera,303,online
2026-09-23T23:51:29Z,2026-09-23T23:51:45.236373Z,Sombra,25,online
2026-09-23T23:51:29Z,2026-09-23T23:51:45.236373Z,Sonira,21,online
2026-09-23T23:51:29Z,2026-09-23T23:51:45.236373Z,Stralis,17,online
2026-09-23T23:51:29Z,2026-09-23T23:51:45.236373Z,Talera,362,online
2026-09-23T23:51:29Z,2026-09-23T23:51:45.236373Z,Tempestera,27,online
2026-09-23T23:51:29Z,2026-09-23T23:51:45.236373Z,Terribra,140,online
2026-09-23T23:51:29Z,2026-09-23T23:51:45.236373Z,Thyria,105,online
2026-09-23T23:51:29Z,2026-09-23T23:51:45.236373Z,Tornabra,234,online
2026-09-23T23:51:29Z,2026-09-23T23:51:45.236373Z,Unebra,212,online
2026-09-23T23:51:29Z,2026-09-23T23:51:45.236373Z,Ustebra,625,online
2026-09-23T23:51:29Z,2026-09-23T23:51:45.236373Z,Venebra,364,online
2026-09-23T23:51:29Z,2026-09-23T23:51:45.236373Z,Victoris,15,online
2026-09-23T23:51:29Z,2026-09-23T23:51:45.236373Z,Vunira,129,online
2026-09-23T23:51:29Z,2026-09-23T23:51:45.236373Z,Wickera,91,online
2026-09-23T23:51:29Z,2026-09-23T23:51:45.236373Z,Wintera,345,online
2026-09-23T23:51:29Z,2026-09-23T23:51:45.236373Z,Xybra,95,online
2026-09-23T23:51:29Z,2026-09-23T23:51:45.236373Z,Xyla,50,online
2026-09-23T23:51:29Z,2026-09-23T23:51:45.236373Z,Xymera,105,online
2026-09-23T23:51:29Z,2026-09-23T23:51:45.236373Z,Yonabra,318,online
2026-09-23T23:51:29Z,2026-09-23T23:51:45.236373Z,Yovera,298,online
2026-09-23T23:51:29Z,2026-09-23T23:51:45.236373Z,Yubra,169,online
2026-09-23T23:51:29Z,2026-09-23T23:51:45.236373Z,Zuna,6,online
2026-09-23T23:51:29Z,2026-09-23T23:51:45.236373Z,Zunera,13,online
2026-09-24T05:10:32Z,2026-09-24T05:10:49.865179Z,Aethera,59,online
2026-09-24T05:10:32Z,2026-09-24T05:10:49.865179Z,Antica,187,online
2026-09-24T05:10:32Z,2026-09-24T05:10:49.865179Z,Astera,280,online
2026-09-24T05:10:32Z,2026-09-24T05:10:49.865179Z,Belobra,110,online
2026-09-24T05:10:32Z,2026-09-24T05:10:49.865179Z,Blumera,133,online
2026-09-24T05:10:32Z,2026-09-24T05:10:49.865179Z,Bona,103,online
2026-09-24T05:10:32Z,2026-09-24T05:10:49.865179Z,Bravoria,12,online
2026-09-24T05:10:32Z,2026-09-24T05:10:49.865179Z,Calmera,155,online
2026-09-24T05:10:32Z,2026-09-24T05:10:49.865179Z,Cantabra,25,online
2026-09-24T05:10:32Z,2026-09-24T05:10:49.865179Z,Celebra,76,online
2026-09-24T05:10:32Z,2026-09-24T05:10:49.865179Z,Celesta,98,online
2026-09-24T05:10:32Z,2026-09-24T05:10:49.865179Z,Citra,22,online
2026-09-24T05:10:32Z,2026-09-24T05:10:49.865179Z,Collabra,59,online
2026-09-24T05:10:32Z,2026-09-24T05:10:49.865179Z,Descubra,57,online
2026-09-24T05:10:32Z,2026-09-24T05:10:49.865179Z,Dia,53,online
2026-09-24T05:10:32Z,2026-09-24T05:10:49.865179Z,Dracobra,28,online
2026-09-24T05:10:32Z,2026-09-24T05:10:49.865179Z,Eclipta,8,online
2026-09-24T05:10:32Z,2026-09-24T05:10:49.865179Z,Epoca,12,online
2026-09-24T05:10:32Z,2026-09-24T05:10:49.865179Z,Escura,0,offline
2026-09-24T05:10:32Z,2026-09-24T05:10:49.865179Z,Etebra,30,online
2026-09-24T05:10:32Z,2026-09-24T05:10:49.865179Z,Ferobra,114,online
2026-09-24T05:10:32Z,2026-09-24T05:10:49.865179Z,Firmera,27,online
2026-09-24T05:10:32Z,2026-09-24T05:10:49.865179Z,Floribra,42,online
2026-09-24T05:10:32Z,2026-09-24T05:10:49.865179Z,Gentebra,86,online
2026-09-24T05:10:32Z,2026-09-24T05:10:49.865179Z,Gladera,126,online
2026-09-24T05:10:32Z,2026-09-24T05:10:49.865179Z,Gladibra,15,online
2026-09-24T05:10:32Z,2026-09-24T05:10:49.865179Z,Harmonia,65,online
2026-09-24T05:10:32Z,2026-09-24T05:10:49.865179Z,Havera,227,online
2026-09-24T05:10:32Z,2026-09-24T05:10:49.865179Z,Honbra,59,online
2026-09-24T05:10:32Z,2026-09-24T05:10:49.865179Z,Hostera,40,online
2026-09-24T05:10:32Z,2026-09-24T05:10:49.865179Z,Idyllia,7,online
2026-09-24T05:10:32Z,2026-09-24T05:10:49.865179Z,Ignibra,4,online
2026-09-24T05:10:32Z,2026-09-24T05:10:49.865179Z,Ignitera,32,online
2026-09-24T05:10:32Z,2026-09-24T05:10:49.865179Z,Inabra,137,online
2026-09-24T05:10:32Z,2026-09-24T05:10:49.865179Z,Issobra,37,online
2026-09-24T05:10:32Z,2026-09-24T05:10:49.865179Z,Jadebra,59,online
2026-09-24T05:10:32Z,2026-09-24T05:10:49.865179Z,Jinxibra,19,online
2026-09-24T05:10:32Z,2026-09-24T05:10:49.865179Z,Junera,63,online
2026-09-24T05:10:32Z,2026-09-24T05:10:49.865179Z,Kalanta,27,online
2026-09-24T05:10:32Z,2026-09-24T05:10:49.865179Z,Kalibra,65,online
2026-09-24T05:10:32Z,2026-09-24T05:10:49.865179Z,Kalimera,45,online
2026-09-24T05:10:32Z,2026-09-24T05:10:49.865179Z,Kanda,31,online
2026-09-24T05:10:32Z,2026-09-24T05:10:49.865179Z,Karmeya,66,online
2026-09-24T05:10:32Z,2026-09-24T05:10:49.865179Z,Lobera,252,online
2026-09-24T05:10:32Z,2026-09-24T05:10:49.865179Z,Luminera,163,online
2026-09-24T05:10:32Z,2026-09-24T05:10:49.865179Z,Lutabra,6,online
2026-09-24T05:10:32Z,2026-09-24T05:10:49.865179Z,Luzibra,21,online
2026-09-24T05:10:32Z,2026-09-24T05:10:49.865179Z,Maligna,27,online
2026-09-24T05:10:32Z,2026-09-24T05:10:49.865179Z,Menera,144,online
2026-09-24T05:10:32Z,2026-09-24T05:10:49.865179Z,Monstera,27,online
2026-09-24T05:10:32Z,2026-09-24T05:10:49.865179Z,Monza,73,online
2026-09-24T05:10:32Z,2026-09-24T05:10:49.865179Z,Mystera,8,online
2026-09-24T05:10:32Z,2026-09-24T05:10:49.865179Z,Nefera,222,online
2026-09-24T05:10:32Z,2026-09-24T05:10:49.865179Z,Nevia,92,online
2026-09-24T05:10:32Z,2026-09-24T05:10:49.865179Z,Noctalia,23,online
2026-09-24T05:10:32Z,2026-09-24T05:10:49.865179Z,Oceanis,22,online
2026-09-24T05:10:32Z,2026-09-24T05:10:49.865179Z,Ombra,49,online
2026-09-24T05:10:32Z,2026-09-24T05:10:49.865179Z,Opulera,81,online
2026-09-24T05:10:32Z,2026-09-24T05:10:49.865179Z,Ourobra,66,online
2026-09-24T05:10:32Z,2026-09-24T05:10:49.865179Z,Pacera,200,online
2026-09-24T05:10:32Z,2026-09-24T05:10:49.865179Z,Peloria,103,online
2026-09-24T05:10:32Z,2026-09-24T05:10:49.865179Z,Penumbra,3,online
2026-09-24T05:10:32Z,2026-09-24T05:10:49.865179Z,Premia,36,online
2026-09-24T05:10:32Z,2026-09-24T05:10:49.865179Z,Quelibra,97,online
2026-09-24T05:10:32Z,2026-09-24T05:10:49.865179Z,Quidera,211,online
2026-09-24T05:10:32Z,2026-09-24T05:10:49.865179Z,Quintera,190,online
2026-09-24T05:10:32Z,2026-09-24T05:10:49.865179Z,Rasteibra,97,online
2026-09-24T05:10:32Z,2026-09-24T05:10:49.865179Z,Refugia,94,online
2026-09-24T05:10:32Z,2026-09-24T05:10:49.865179Z,Retalia,6,online
2026-09-24T05:10:32Z,2026-09-24T05:10:49.865179Z,Secura,185,online
2026-09-24T05:10:32Z,2026-09-24T05:10:49.865179Z,Serdebra,80,online
2026-09-24T05:10:32Z,2026-09-24T05:10:49.865179Z,Sinistra,22,online
2026-09-24T05:10:32Z,2026-09-24T05:10:49.865179Z,Solidera,325,online
2026-09-24T05:10:32Z,2026-09-24T05:10:49.865179Z,Sombra,5,online
2026-09-24T05:10:32Z,2026-09-24T05:10:49.865179Z,Sonira,21,online
2026-09-24T05:10:32Z,2026-09-24T05:10:49.865179Z,Stralis,21,online
2026-09-24T05:10:32Z,2026-09-24T05:10:49.865179Z,Talera,306,online
2026-09-24T05:10:32Z,2026-09-24T05:10:49.865179Z,Tempestera,43,online
2026-09-24T05:10:32Z,2026-09-24T05:10:49.865179Z,Terribra,32,online
2026-09-24T05:10:32Z,2026-09-24T05:10:49.865179Z,Thyria,78,online
2026-09-24T05:10:32Z,2026-09-24T05:10:49.865179Z,Tornabra,41,online
2026-09-24T05:10:32Z,2026-09-24T05:10:49.865179Z,Unebra,44,online
2026-09-24T05:10:32Z,2026-09-24T05:10:49.865179Z,Ustebra,151,online
2026-09-24T05:10:32Z,2026-09-24T05:10:49.865179Z,Venebra,57,online
2026-09-24T05:10:32Z,2026-09-24T05:10:49.865179Z,Victoris,17,online
2026-09-24T05:10:32Z,2026-09-24T05:10:49.865179Z,Vunira,87,online
2026-09-24T05:10:32Z,2026-09-24T05:10:49.865179Z,Wickera,75,online
2026-09-24T05:10:32Z,2026-09-24T05:10:49.865179Z,Wintera,272,online
2026-09-24T05:10:32Z,2026-09-24T05:10:49.865179Z,Xybra,20,online
2026-09-24T05:10:32Z,2026-09-24T05:10:49.865179Z,Xyla,46,online
2026-09-24T05:10:32Z,2026-09-24T05:10:49.865179Z,Xymera,79,online
2026-09-24T05:10:32Z,2026-09-24T05:10:49.865179Z,Yonabra,61,online
2026-09-24T05:10:32Z,2026-09-24T05:10:49.865179Z,Yovera,220,online
2026-09-24T05:10:32Z,2026-09-24T05:10:49.865179Z,Yubra,30,online
2026-09-24T05:10:32Z,2026-09-24T05:10:49.865179Z,Zuna,1,online
2026-09-24T05:10:32Z,2026-09-24T05:10:49.865179Z,Zunera,4,online
2026-09-24T10:21:09Z,2026-09-24T10:21:28.462642Z,Aethera,15,online
2026-09-24T10:21:09Z,2026-09-24T10:21:28.462642Z,Antica,469,online
2026-09-24T10:21:09Z,2026-09-24T10:21:28.462642Z,Astera,128,online
2026-09-24T10:21:09Z,2026-09-24T10:21:28.462642Z,Belobra,149,online
2026-09-24T10:21:09Z,2026-09-24T10:21:28.462642Z,Blumera,41,online
2026-09-24T10:21:09Z,2026-09-24T10:21:28.462642Z,Bona,253,online
2026-09-24T10:21:09Z,2026-09-24T10:21:28.462642Z,Bravoria,44,online
2026-09-24T10:21:09Z,2026-09-24T10:21:28.462642Z,Calmera,65,online
2026-09-24T10:21:09Z,2026-09-24T10:21:28.462642Z,Cantabra,70,online
2026-09-24T10:21:09Z,2026-09-24T10:21:28.462642Z,Celebra,96,online
2026-09-24T10:21:09Z,2026-09-24T10:21:28.462642Z,Celesta,262,online
2026-09-24T10:21:09Z,2026-09-24T10:21:28.462642Z,Citra,44,online
2026-09-24T10:21:09Z,2026-09-24T10:21:28.462642Z,Collabra,95,online
2026-09-24T10:21:09Z,2026-09-24T10:21:28.462642Z,Descubra,88,online
2026-09-24T10:21:09Z,2026-09-24T10:21:28.462642Z,Dia,165,online
2026-09-24T10:21:09Z,2026-09-24T10:21:28.462642Z,Dracobra,45,online
2026-09-24T10:21:09Z,2026-09-24T10:21:28.462642Z,Eclipta,18,online
2026-09-24T10:21:09Z,2026-09-24T10:21:28.462642Z,Epoca,25,online
2026-09-24T10:21:09Z,2026-09-24T10:21:28.462642Z,Escura,1,online
2026-09-24T10:21:09Z,2026-09-24T10:21:28.462642Z,Etebra,56,online
2026-09-24T10:21:09Z,2026-09-24T10:21:28.462642Z,Ferobra,142,online
2026-09-24T10:21:09Z,2026-09-24T10:21:28.462642Z,Firmera,7,online
2026-09-24T10:21:09Z,2026-09-24T10:21:28.462642Z,Floribra,57,online
2026-09-24T10:21:09Z,2026-09-24T10:21:28.462642Z,Gentebra,142,online
2026-09-24T10:21:09Z,2026-09-24T10:21:28.462642Z,Gladera,49,online
2026-09-24T10:21:09Z,2026-09-24T10:21:28.462642Z,Gladibra,10,online
2026-09-24T10:21:09Z,2026-09-24T10:21:28.462642Z,Harmonia,170,online
2026-09-24T10:21:09Z,2026-09-24T10:21:28.462642Z,Havera,90,online
2026-09-24T10:21:09Z,2026-09-24T10:21:28.462642Z,Honbra,119,online
2026-09-24T10:21:09Z,2026-09-24T10:21:28.462642Z,Hostera,9,online
2026-09-24T10:21:09Z,2026-09-24T10:21:28.462642Z,Idyllia,24,online
2026-09-24T10:21:09Z,2026-09-24T10:21:28.462642Z,Ignibra,7,online
2026-09-24T10:21:09Z,2026-09-24T10:21:28.462642Z,Ignitera,8,online
2026-09-24T10:21:09Z,2026-09-24T10:21:28.462642Z,Inabra,169,online
2026-09-24T10:21:09Z,2026-09-24T10:21:28.462642Z,Issobra,79,online
2026-09-24T10:21:09Z,2026-09-24T10:21:28.462642Z,Jadebra,86,online
2026-09-24T10:21:09Z,2026-09-24T10:21:28.462642Z,Jinxibra,13,online
2026-09-24T10:21:09Z,2026-09-24T10:21:28.462642Z,Junera,25,online
2026-09-24T10:21:09Z,2026-09-24T10:21:28.462642Z,Kalanta,106,online
2026-09-24T10:21:09Z,2026-09-24T10:21:28.462642Z,Kalibra,107,online
2026-09-24T10:21:09Z,2026-09-24T10:21:28.462642Z,Kalimera,10,online
2026-09-24T10:21:09Z,2026-09-24T10:21:28.462642Z,Kanda,87,online
2026-09-24T10:21:09Z,2026-09-24T10:21:28.462642Z,Karmeya,144,online
2026-09-24T10:21:09Z,2026-09-24T10:21:28.462642Z,Lobera,107,online
2026-09-24T10:21:09Z,2026-09-24T10:21:28.462642Z,Luminera,58,online
2026-09-24T10:21:09Z,2026-09-24T10:21:28.462642Z,Lutabra,6,online
2026-09-24T10:21:09Z,2026-09-24T10:21:28.462642Z,Luzibra,34,online
2026-09-24T10:21:09Z,2026-09-24T10:21:28.462642Z,Maligna,25,online
2026-09-24T10:21:09Z,2026-09-24T10:21:28.462642Z,Menera,47,online
2026-09-24T10:21:09Z,2026-09-24T10:21:28.462642Z,Monstera,24,online
2026-09-24T10:21:09Z,2026-09-24T10:21:28.462642Z,Monza,178,online
2026-09-24T10:21:09Z,2026-09-24T10:21:28.462642Z,Mystera,1,online
2026-09-24T10:21:09Z,2026-09-24T10:21:28.462642Z,Nefera,119,online
2026-09-24T10:21:09Z,2026-09-24T10:21:28.462642Z,Nevia,369,online
2026-09-24T10:21:09Z,2026-09-24T10:21:28.462642Z,Noctalia,42,online
2026-09-24T10:21:09Z,2026-09-24T10:21:28.462642Z,Oceanis,61,online
2026-09-24T10:21:09Z,2026-09-24T10:21:28.462642Z,Ombra,89,online
2026-09-24T10:21:09Z,2026-09-24T10:21:28.462642Z,Opulera,26,online
2026-09-24T10:21:09Z,2026-09-24T10:21:28.462642Z,Ourobra,107,online
2026-09-24T10:21:09Z,2026-09-24T10:21:28.462642Z,Pacera,85,online
2026-09-24T10:21:09Z,2026-09-24T10:21:28.462642Z,Peloria,246,online
2026-09-24T10:21:09Z,2026-09-24T10:21:28.462642Z,Penumbra,2,online
2026-09-24T10:21:09Z,2026-09-24T10:21:28.462642Z,Premia,100,online
2026-09-24T10:21:09Z,2026-09-24T10:21:28.462642Z,Quelibra,130,online
2026-09-24T10:21:09Z,2026-09-24T10:21:28.462642Z,Quidera,56,online
2026-09-24T10:21:09Z,2026-09-24T10:21:28.462642Z,Quintera,84,online
2026-09-24T10:21:09Z,2026-09-24T10:21:28.462642Z,Rasteibra,120,online
2026-09-24T10:21:09Z,2026-09-24T10:21:28.462642Z,Refugia,228,online
2026-09-24T10:21:09Z,2026-09-24T10:21:28.462642Z,Retalia,26,online
2026-09-24T10:21:09Z,2026-09-24T10:21:28.462642Z,Secura,506,online
2026-09-24T10:21:09Z,2026-09-24T10:21:28.462642Z,Serdebra,121,online
2026-09-24T10:21:09Z,2026-09-24T10:21:28.462642Z,Sinistra,46,online
2026-09-24T10:21:09Z,2026-09-24T10:21:28.462642Z,Solidera,108,online
2026-09-24T10:21:09Z,2026-09-24T10:21:28.462642Z,Sombra,7,online
2026-09-24T10:21:09Z,2026-09-24T10:21:28.462642Z,Sonira,40,online
2026-09-24T10:21:09Z,2026-09-24T10:21:28.462642Z,Stralis,22,online
2026-09-24T10:21:09Z,2026-09-24T10:21:28.462642Z,Talera,103,online
2026-09-24T10:21:09Z,2026-09-24T10:21:28.462642Z,Tempestera,6,online
2026-09-24T10:21:09Z,2026-09-24T10:21:28.462642Z,Terribra,70,online
2026-09-24T10:21:09Z,2026-09-24T10:21:28.462642Z,Thyria,194,online
2026-09-24T10:21:09Z,2026-09-24T10:21:28.462642Z,Tornabra,63,online
2026-09-24T10:21:09Z,2026-09-24T10:21:28.462642Z,Unebra,80,online
2026-09-24T10:21:09Z,2026-09-24T10:21:28.462642Z,Ustebra,198,online
2026-09-24T10:21:09Z,2026-09-24T10:21:28.462642Z,Venebra,98,online
2026-09-24T10:21:09Z,2026-09-24T10:21:28.462642Z,Victoris,44,online
2026-09-24T10:21:09Z,2026-09-24T10:21:28.462642Z,Vunira,241,online
2026-09-24T10:21:09Z,2026-09-24T10:21:28.462642Z,Wickera,11,online
2026-09-24T10:21:09Z,2026-09-24T10:21:28.462642Z,Wintera,99,online
2026-09-24T10:21:09Z,2026-09-24T10:21:28.462642Z,Xybra,33,online
2026-09-24T10:21:09Z,2026-09-24T10:21:28.462642Z,Xyla,101,online
2026-09-24T10:21:09Z,2026-09-24T10:21:28.462642Z,Xymera,25,online
2026-09-24T10:21:09Z,2026-09-24T10:21:28.462642Z,Yonabra,116,online
2026-09-24T10:21:09Z,2026-09-24T10:21:28.462642Z,Yovera,95,online
2026-09-24T10:21:09Z,2026-09-24T10:21:28.462642Z,Yubra,54,online
2026-09-24T10:21:09Z,2026-09-24T10:21:28.462642Z,Zuna,4,online
2026-09-24T10:21:09Z,2026-09-24T10:21:28.462642Z,Zunera,6,online
2026-09-24T15:22:36Z,2026-09-24T15:23:32.088781Z,Aethera,30,online
2026-09-24T15:22:36Z,2026-09-24T15:23:32.088781Z,Antica,653,online
2026-09-24T15:22:36Z,2026-09-24T15:23:32.088781Z,Astera,287,online
2026-09-24T15:22:36Z,2026-09-24T15:23:32.088781Z,Belobra,270,online
2026-09-24T15:22:36Z,2026-09-24T15:23:32.088781Z,Blumera,124,online
2026-09-24T15:22:36Z,2026-09-24T15:23:32.088781Z,Bona,351,online
2026-09-24T15:22:36Z,2026-09-24T15:23:32.088781Z,Bravoria,59,online
2026-09-24T15:22:36Z,2026-09-24T15:23:32.088781Z,Calmera,178,online
2026-09-24T15:22:36Z,2026-09-24T15:23:32.088781Z,Cantabra,92,online
2026-09-24T15:22:36Z,2026-09-24T15:23:32.088781Z,Celebra,180,online
2026-09-24T15:22:36Z,2026-09-24T15:23:32.088781Z,Celesta,344,online
2026-09-24T15:22:36Z,2026-09-24T15:23:32.088781Z,Citra,84,online
2026-09-24T15:22:36Z,2026-09-24T15:23:32.088781Z,Collabra,182,online
2026-09-24T15:22:36Z,2026-09-24T15:23:32.088781Z,Descubra,198,online
2026-09-24T15:22:36Z,2026-09-24T15:23:32.088781Z,Dia,242,online
2026-09-24T15:22:36Z,2026-09-24T15:23:32.088781Z,Dracobra,80,online
2026-09-24T15:22:36Z,2026-09-24T15:23:32.088781Z,Eclipta,18,online
2026-09-24T15:22:36Z,2026-09-24T15:23:32.088781Z,Epoca,41,online
2026-09-24T15:22:36Z,2026-09-24T15:23:32.088781Z,Escura,2,online
2026-09-24T15:22:36Z,2026-09-24T15:23:32.088781Z,Etebra,107,online
2026-09-24T15:22:36Z,2026-09-24T15:23:32.088781Z,Ferobra,285,online
2026-09-24T15:22:36Z,2026-09-24T15:23:32.088781Z,Firmera,28,online
2026-09-24T15:22:36Z,2026-09-24T15:23:32.088781Z,Floribra,118,online
2026-09-24T15:22:36Z,2026-09-24T15:23:32.088781Z,Gentebra,233,online
2026-09-24T15:22:36Z,2026-09-24T15:23:32.088781Z,Gladera,106,online
2026-09-24T15:22:36Z,2026-09-24T15:23:32.088781Z,Gladibra,20,online
2026-09-24T15:22:36Z,2026-09-24T15:23:32.088781Z,Harmonia,261,online
2026-09-24T15:22:36Z,2026-09-24T15:23:32.088781Z,Havera,202,online
2026-09-24T15:22:36Z,2026-09-24T15:23:32.088781Z,Honbra,179,online
2026-09-24T15:22:36Z,2026-09-24T15:23:32.088781Z,Hostera,16,online
2026-09-24T15:22:36Z,2026-09-24T15:23:32.088781Z,Idyllia,30,online
2026-09-24T15:22:36Z,2026-09-24T15:23:32.088781Z,Ignibra,5,online
2026-09-24T15:22:36Z,2026-09-24T15:23:32.088781Z,Ignitera,28,online
2026-09-24T15:22:36Z,2026-09-24T15:23:32.088781Z,Inabra,279,online
2026-09-24T15:22:36Z,2026-09-24T15:23:32.088781Z,Issobra,138,online
2026-09-24T15:22:36Z,2026-09-24T15:23:32.088781Z,Jadebra,158,online
2026-09-24T15:22:36Z,2026-09-24T15:23:32.088781Z,Jinxibra,30,online
2026-09-24T15:22:36Z,2026-09-24T15:23:32.088781Z,Junera,59,online
2026-09-24T15:22:36Z,2026-09-24T15:23:32.088781Z,Kalanta,145,online
2026-09-24T15:22:36Z,2026-09-24T15:23:32.088781Z,Kalibra,192,online
2026-09-24T15:22:36Z,2026-09-24T15:23:32.088781Z,Kalimera,42,online
2026-09-24T15:22:36Z,2026-09-24T15:23:32.088781Z,Kanda,112,online
2026-09-24T15:22:36Z,2026-09-24T15:23:32.088781Z,Karmeya,219,online
2026-09-24T15:22:36Z,2026-09-24T15:23:32.088781Z,Lobera,285,online
2026-09-24T15:22:36Z,2026-09-24T15:23:32.088781Z,Luminera,168,online
2026-09-24T15:22:36Z,2026-09-24T15:23:32.088781Z,Lutabra,15,online
2026-09-24T15:22:36Z,2026-09-24T15:23:32.088781Z,Luzibra,56,online
2026-09-24T15:22:36Z,2026-09-24T15:23:32.088781Z,Maligna,49,online
2026-09-24T15:22:36Z,2026-09-24T15:23:32.088781Z,Menera,133,online
2026-09-24T15:22:36Z,2026-09-24T15:23:32.088781Z,Monstera,44,online
2026-09-24T15:22:36Z,2026-09-24T15:23:32.088781Z,Monza,272,online
2026-09-24T15:22:36Z,2026-09-24T15:23:32.088781Z,Mystera,6,online
2026-09-24T15:22:36Z,2026-09-24T15:23:32.088781Z,Nefera,236,online
2026-09-24T15:22:36Z,2026-09-24T15:23:32.088781Z,Nevia,464,online
2026-09-24T15:22:36Z,2026-09-24T15:23:32.088781Z,Noctalia,67,online
2026-09-24T15:22:36Z,2026-09-24T15:23:32.088781Z,Oceanis,45,online
2026-09-24T15:22:36Z,2026-09-24T15:23:32.088781Z,Ombra,162,online
2026-09-24T15:22:36Z,2026-09-24T15:23:32.088781Z,Opulera,45,online
2026-09-24T15:22:36Z,2026-09-24T15:23:32.088781Z,Ourobra,198,online
2026-09-24T15:22:36Z,2026-09-24T15:23:32.088781Z,Pacera,197,online
2026-09-24T15:22:36Z,2026-09-24T15:23:32.088781Z,Peloria,307,online
2026-09-24T15:22:36Z,2026-09-24T15:23:32.088781Z,Penumbra,6,online
2026-09-24T15:22:36Z,2026-09-24T15:23:32.088781Z,Premia,160,online
2026-09-24T15:22:36Z,2026-09-24T15:23:32.088781Z,Quelibra,221,online
2026-09-24T15:22:36Z,2026-09-24T15:23:32.088781Z,Quidera,199,online
2026-09-24T15:22:36Z,2026-09-24T15:23:32.088781Z,Quintera,201,online
2026-09-24T15:22:36Z,2026-09-24T15:23:32.088781Z,Rasteibra,210,online
2026-09-24T15:22:36Z,2026-09-24T15:23:32.088781Z,Refugia,304,online
2026-09-24T15:22:36Z,2026-09-24T15:23:32.088781Z,Retalia,34,online
2026-09-24T15:22:36Z,2026-09-24T15:23:32.088781Z,Secura,715,online
2026-09-24T15:22:36Z,2026-09-24T15:23:32.088781Z,Serdebra,210,online
2026-09-24T15:22:36Z,2026-09-24T15:23:32.088781Z,Sinistra,66,online
2026-09-24T15:22:36Z,2026-09-24T15:23:32.088781Z,Solidera,228,online
2026-09-24T15:22:36Z,2026-09-24T15:23:32.088781Z,Sombra,21,online
2026-09-24T15:22:36Z,2026-09-24T15:23:32.088781Z,Sonira,57,online
2026-09-24T15:22:36Z,2026-09-24T15:23:32.088781Z,Stralis,18,online
2026-09-24T15:22:36Z,2026-09-24T15:23:32.088781Z,Talera,238,online
2026-09-24T15:22:36Z,2026-09-24T15:23:32.088781Z,Tempestera,19,online
2026-09-24T15:22:36Z,2026-09-24T15:23:32.088781Z,Terribra,88,online
2026-09-24T15:22:36Z,2026-09-24T15:23:32.088781Z,Thyria,302,online
2026-09-24T15:22:36Z,2026-09-24T15:23:32.088781Z,Tornabra,113,online
2026-09-24T15:22:36Z,2026-09-24T15:23:32.088781Z,Unebra,127,online
2026-09-24T15:22:36Z,2026-09-24T15:23:32.088781Z,Ustebra,369,online
2026-09-24T15:22:36Z,2026-09-24T15:23:32.088781Z,Venebra,163,online
2026-09-24T15:22:36Z,2026-09-24T15:23:32.088781Z,Victoris,24,online
2026-09-24T15:22:36Z,2026-09-24T15:23:32.088781Z,Vunira,356,online
2026-09-24T15:22:36Z,2026-09-24T15:23:32.088781Z,Wickera,35,online
2026-09-24T15:22:36Z,2026-09-24T15:23:32.088781Z,Wintera,220,online
2026-09-24T15:22:36Z,2026-09-24T15:23:32.088781Z,Xybra,57,online
2026-09-24T15:22:36Z,2026-09-24T15:23:32.088781Z,Xyla,161,online
2026-09-24T15:22:36Z,2026-09-24T15:23:32.088781Z,Xymera,80,online
2026-09-24T15:22:36Z,2026-09-24T15:23:32.088781Z,Yonabra,176,online
2026-09-24T15:22:36Z,2026-09-24T15:23:32.088781Z,Yovera,180,online
2026-09-24T15:22:36Z,2026-09-24T15:23:32.088781Z,Yubra,81,online
2026-09-24T15:22:36Z,2026-09-24T15:23:32.088781Z,Zuna,10,online
2026-09-24T15:22:36Z,2026-09-24T15:23:32.088781Z,Zunera,7,online
2026-09-24T19:23:50Z,2026-09-24T19:24:37.484125Z,Aethera,23,online
2026-09-24T19:23:50Z,2026-09-24T19:24:37.484125Z,Antica,963,online
2026-09-24T19:23:50Z,2026-09-24T19:24:37.484125Z,Astera,317,online
2026-09-24T19:23:50Z,2026-09-24T19:24:37.484125Z,Belobra,317,online
2026-09-24T19:23:50Z,2026-09-24T19:24:37.484125Z,Blumera,151,online
2026-09-24T19:23:50Z,2026-09-24T19:24:37.484125Z,Bona,541,online
2026-09-24T19:23:50Z,2026-09-24T19:24:37.484125Z,Bravoria,94,online
2026-09-24T19:23:50Z,2026-09-24T19:24:37.484125Z,Calmera,193,online
2026-09-24T19:23:50Z,2026-09-24T19:24:37.484125Z,Cantabra,91,online
2026-09-24T19:23:50Z,2026-09-24T19:24:37.484125Z,Celebra,194,online
2026-09-24T19:23:50Z,2026-09-24T19:24:37.484125Z,Celesta,493,online
2026-09-24T19:23:50Z,2026-09-24T19:24:37.484125Z,Citra,114,online
2026-09-24T19:23:50Z,2026-09-24T19:24:37.484125Z,Collabra,178,online
2026-09-24T19:23:50Z,2026-09-24T19:24:37.484125Z,Descubra,207,online
2026-09-24T19:23:50Z,2026-09-24T19:24:37.484125Z,Dia,391,online
2026-09-24T19:23:50Z,2026-09-24T19:24:37.484125Z,Dracobra,85,online
2026-09-24T19:23:50Z,2026-09-24T19:24:37.484125Z,Eclipta,39,online
2026-09-24T19:23:50Z,2026-09-24T19:24:37.484125Z,Epoca,70,online
2026-09-24T19:23:50Z,2026-09-24T19:24:37.484125Z,Escura,2,online
2026-09-24T19:23:50Z,2026-09-24T19:24:37.484125Z,Etebra,88,online
2026-09-24T19:23:50Z,2026-09-24T19:24:37.484125Z,Ferobra,246,online
2026-09-24T19:23:50Z,2026-09-24T19:24:37.484125Z,Firmera,26,online
2026-09-24T19:23:50Z,2026-09-24T19:24:37.484125Z,Floribra,112,online
2026-09-24T19:23:50Z,2026-09-24T19:24:37.484125Z,Gentebra,271,online
2026-09-24T19:23:50Z,2026-09-24T19:24:37.484125Z,Gladera,106,online
2026-09-24T19:23:50Z,2026-09-24T19:24:37.484125Z,Gladibra,22,online
2026-09-24T19:23:50Z,2026-09-24T19:24:37.484125Z,Harmonia,413,online
2026-09-24T19:23:50Z,2026-09-24T19:24:37.484125Z,Havera,231,online
2026-09-24T19:23:50Z,2026-09-24T19:24:37.484125Z,Honbra,231,online
2026-09-24T19:23:50Z,2026-09-24T19:24:37.484125Z,Hostera,23,online
2026-09-24T19:23:50Z,2026-09-24T19:24:37.484125Z,Idyllia,51,online
2026-09-24T19:23:50Z,2026-09-24T19:24:37.484125Z,Ignibra,7,online
2026-09-24T19:23:50Z,2026-09-24T19:24:37.484125Z,Ignitera,32,online
2026-09-24T19:23:50Z,2026-09-24T19:24:37.484125Z,Inabra,337,online
2026-09-24T19:23:50Z,2026-09-24T19:24:37.484125Z,Issobra,122,online
2026-09-24T19:23:50Z,2026-09-24T19:24:37.484125Z,Jadebra,186,online
2026-09-24T19:23:50Z,2026-09-24T19:24:37.484125Z,Jinxibra,34,online
2026-09-24T19:23:50Z,2026-09-24T19:24:37.484125Z,Junera,56,online
2026-09-24T19:23:50Z,2026-09-24T19:24:37.484125Z,Kalanta,231,online
2026-09-24T19:23:50Z,2026-09-24T19:24:37.484125Z,Kalibra,227,online
2026-09-24T19:23:50Z,2026-09-24T19:24:37.484125Z,Kalimera,43,online
2026-09-24T19:23:50Z,2026-09-24T19:24:37.484125Z,Kanda,176,online
2026-09-24T19:23:50Z,2026-09-24T19:24:37.484125Z,Karmeya,352,online
2026-09-24T19:23:50Z,2026-09-24T19:24:37.484125Z,Lobera,301,online
2026-09-24T19:23:50Z,2026-09-24T19:24:37.484125Z,Luminera,192,online
2026-09-24T19:23:50Z,2026-09-24T19:24:37.484125Z,Lutabra,15,online
2026-09-24T19:23:50Z,2026-09-24T19:24:37.484125Z,Luzibra,59,online
2026-09-24T19:23:50Z,2026-09-24T19:24:37.484125Z,Maligna,85,online
2026-09-24T19:23:50Z,2026-09-24T19:24:37.484125Z,Menera,154,online
2026-09-24T19:23:50Z,2026-09-24T19:24:37.484125Z,Monstera,51,online
2026-09-24T19:23:50Z,2026-09-24T19:24:37.484125Z,Monza,440,online
2026-09-24T19:23:50Z,2026-09-24T19:24:37.484125Z,Mystera,6,online
2026-09-24T19:23:50Z,2026-09-24T19:24:37.484125Z,Nefera,276,online
2026-09-24T19:23:50Z,2026-09-24T19:24:37.484125Z,Nevia,678,online
2026-09-24T19:23:50Z,2026-09-24T19:24:37.484125Z,Noctalia,79,online
2026-09-24T19:23:50Z,2026-09-24T19:24:37.484125Z,Oceanis,29,online
2026-09-24T19:23:50Z,2026-09-24T19:24:37.484125Z,Ombra,180,online
2026-09-24T19:23:50Z,2026-09-24T19:24:37.484125Z,Opulera,57,online
2026-09-24T19:23:50Z,2026-09-24T19:24:37.484125Z,Ourobra,220,online
2026-09-24T19:23:50Z,2026-09-24T19:24:37.484125Z,Pacera,236,online
2026-09-24T19:23:50Z,2026-09-24T19:24:37.484125Z,Peloria,420,online
2026-09-24T19:23:50Z,2026-09-24T19:24:37.484125Z,Penumbra,2,online
2026-09-24T19:23:50Z,2026-09-24T19:24:37.484125Z,Premia,211,online
2026-09-24T19:23:50Z,2026-09-24T19:24:37.484125Z,Quelibra,251,online
2026-09-24T19:23:50Z,2026-09-24T19:24:37.484125Z,Quidera,208,online
2026-09-24T19:23:50Z,2026-09-24T19:24:37.484125Z,Quintera,228,online
2026-09-24T19:23:50Z,2026-09-24T19:24:37.484125Z,Rasteibra,227,online
2026-09-24T19:23:50Z,2026-09-24T19:24:37.484125Z,Refugia,456,online
2026-09-24T19:23:50Z,2026-09-24T19:24:37.484125Z,Retalia,60,online
2026-09-24T19:23:50Z,2026-09-24T19:24:37.484125Z,Secura,906,online
2026-09-24T19:23:50Z,2026-09-24T19:24:37.484125Z,Serdebra,262,online
2026-09-24T19:23:50Z,2026-09-24T19:24:37.484125Z,Sinistra,112,online
2026-09-24T19:23:50Z,2026-09-24T19:24:37.484125Z,Solidera,254,online
2026-09-24T19:23:50Z,2026-09-24T19:24:37.484125Z,Sombra,17,online
2026-09-24T19:23:50Z,2026-09-24T19:24:37.484125Z,Sonira,102,online
2026-09-24T19:23:50Z,2026-09-24T19:24:37.484125Z,Stralis,13,online
2026-09-24T19:23:50Z,2026-09-24T19:24:37.484125Z,Talera,308,online
2026-09-24T19:23:50Z,2026-09-24T19:24:37.484125Z,Tempestera,22,online
2026-09-24T19:23:50Z,2026-09-24T19:24:37.484125Z,Terribra,88,online
2026-09-24T19:23:50Z,2026-09-24T19:24:37.484125Z,Thyria,407,online
2026-09-24T19:23:50Z,2026-09-24T19:24:37.484125Z,Tornabra,116,online
2026-09-24T19:23:50Z,2026-09-24T19:24:37.484125Z,Unebra,130,online
2026-09-24T19:23:50Z,2026-09-24T19:24:37.484125Z,Ustebra,392,online
2026-09-24T19:23:50Z,2026-09-24T19:24:37.484125Z,Venebra,180,online
2026-09-24T19:23:50Z,2026-09-24T19:24:37.484125Z,Victoris,9,online
2026-09-24T19:23:50Z,2026-09-24T19:24:37.484125Z,Vunira,515,online
2026-09-24T19:23:50Z,2026-09-24T19:24:37.484125Z,Wickera,59,online
2026-09-24T19:23:50Z,2026-09-24T19:24:37.484125Z,Wintera,245,online
2026-09-24T19:23:50Z,2026-09-24T19:24:37.484125Z,Xybra,69,online
2026-09-24T19:23:50Z,2026-09-24T19:24:37.484125Z,Xyla,272,online
2026-09-24T19:23:50Z,2026-09-24T19:24:37.484125Z,Xymera,100,online
2026-09-24T19:23:50Z,2026-09-24T19:24:37.484125Z,Yonabra,206,online
2026-09-24T19:23:50Z,2026-09-24T19:24:37.484125Z,Yovera,231,online
2026-09-24T19:23:50Z,2026-09-24T19:24:37.484125Z,Yubra,74,online
2026-09-24T19:23:50Z,2026-09-24T19:24:37.484125Z,Zuna,17,online
2026-09-24T19:23:50Z,2026-09-24T19:24:37.484125Z,Zunera,9,online
2026-09-24T22:38:11Z,2026-09-24T22:38:48.084838Z,Aethera,52,online
2026-09-24T22:38:11Z,2026-09-24T22:38:48.084838Z,Antica,501,online
2026-09-24T22:38:11Z,2026-09-24T22:38:48.084838Z,Astera,375,online
2026-09-24T22:38:11Z,2026-09-24T22:38:48.084838Z,Belobra,419,online
2026-09-24T22:38:11Z,2026-09-24T22:38:48.084838Z,Blumera,184,online
2026-09-24T22:38:11Z,2026-09-24T22:38:48.084838Z,Bona,205,online
2026-09-24T22:38:11Z,2026-09-24T22:38:48.084838Z,Bravoria,41,online
2026-09-24T22:38:11Z,2026-09-24T22:38:48.084838Z,Calmera,227,online
2026-09-24T22:38:11Z,2026-09-24T22:38:48.084838Z,Cantabra,146,online
2026-09-24T22:38:11Z,2026-09-24T22:38:48.084838Z,Celebra,304,online
2026-09-24T22:38:11Z,2026-09-24T22:38:48.084838Z,Celesta,190,online
2026-09-24T22:38:11Z,2026-09-24T22:38:48.084838Z,Citra,53,online
2026-09-24T22:38:11Z,2026-09-24T22:38:48.084838Z,Collabra,267,online
2026-09-24T22:38:11Z,2026-09-24T22:38:48.084838Z,Descubra,339,online
2026-09-24T22:38:11Z,2026-09-24T22:38:48.084838Z,Dia,121,online
2026-09-24T22:38:11Z,2026-09-24T22:38:48.084838Z,Dracobra,116,online
2026-09-24T22:38:11Z,2026-09-24T22:38:48.084838Z,Eclipta,11,online
2026-09-24T22:38:11Z,2026-09-24T22:38:48.084838Z,Epoca,35,online
2026-09-24T22:38:11Z,2026-09-24T22:38:48.084838Z,Escura,1,online
2026-09-24T22:38:11Z,2026-09-24T22:38:48.084838Z,Etebra,132,online
2026-09-24T22:38:11Z,2026-09-24T22:38:48.084838Z,Ferobra,364,online
2026-09-24T22:38:11Z,2026-09-24T22:38:48.084838Z,Firmera,37,online
2026-09-24T22:38:11Z,2026-09-24T22:38:48.084838Z,Floribra,176,online
2026-09-24T22:38:11Z,2026-09-24T22:38:48.084838Z,Gentebra,343,online
2026-09-24T22:38:11Z,2026-09-24T22:38:48.084838Z,Gladera,142,online
2026-09-24T22:38:11Z,2026-09-24T22:38:48.084838Z,Gladibra,28,online
2026-09-24T22:38:11Z,2026-09-24T22:38:48.084838Z,Harmonia,160,online
2026-09-24T22:38:11Z,2026-09-24T22:38:48.084838Z,Havera,249,online
2026-09-24T22:38:11Z,2026-09-24T22:38:48.084838Z,Honbra,315,online
2026-09-24T22:38:11Z,2026-09-24T22:38:48.084838Z,Hostera,30,online
2026-09-24T22:38:11Z,2026-09-24T22:38:48.084838Z,Idyllia,19,online
2026-09-24T22:38:11Z,2026-09-24T22:38:48.084838Z,Ignibra,11,online
2026-09-24T22:38:11Z,2026-09-24T22:38:48.084838Z,Ignitera,36,online
2026-09-24T22:38:11Z,2026-09-24T22:38:48.084838Z,Inabra,429,online
2026-09-24T22:38:11Z,2026-09-24T22:38:48.084838Z,Issobra,194,online
2026-09-24T22:38:11Z,2026-09-24T22:38:48.084838Z,Jadebra,304,online
2026-09-24T22:38:11Z,2026-09-24T22:38:48.084838Z,Jinxibra,55,online
2026-09-24T22:38:11Z,2026-09-24T22:38:48.084838Z,Junera,78,online
2026-09-24T22:38:11Z,2026-09-24T22:38:48.084838Z,Kalanta,81,online
2026-09-24T22:38:11Z,2026-09-24T22:38:48.084838Z,Kalibra,287,online
2026-09-24T22:38:11Z,2026-09-24T22:38:48.084838Z,Kalimera,47,online
2026-09-24T22:38:11Z,2026-09-24T22:38:48.084838Z,Kanda,72,online
2026-09-24T22:38:11Z,2026-09-24T22:38:48.084838Z,Karmeya,134,online
2026-09-24T22:38:11Z,2026-09-24T22:38:48.084838Z,Lobera,376,online
2026-09-24T22:38:11Z,2026-09-24T22:38:48.084838Z,Luminera,277,online
2026-09-24T22:38:11Z,2026-09-24T22:38:48.084838Z,Lutabra,17,online
2026-09-24T22:38:11Z,2026-09-24T22:38:48.084838Z,Luzibra,94,online
2026-09-24T22:38:11Z,2026-09-24T22:38:48.084838Z,Maligna,46,online
2026-09-24T22:38:11Z,2026-09-24T22:38:48.084838Z,Menera,206,online
2026-09-24T22:38:11Z,2026-09-24T22:38:48.084838Z,Monstera,68,online
2026-09-24T22:38:11Z,2026-09-24T22:38:48.084838Z,Monza,163,online
2026-09-24T22:38:11Z,2026-09-24T22:38:48.084838Z,Mystera,9,online
2026-09-24T22:38:11Z,2026-09-24T22:38:48.084838Z,Nefera,356,online
2026-09-24T22:38:11Z,2026-09-24T22:38:48.084838Z,Nevia,259,online
2026-09-24T22:38:11Z,2026-09-24T22:38:48.084838Z,Noctalia,55,online
2026-09-24T22:38:11Z,2026-09-24T22:38:48.084838Z,Oceanis,24,online
2026-09-24T22:38:11Z,2026-09-24T22:38:48.084838Z,Ombra,248,online
2026-09-24T22:38:11Z,2026-09-24T22:38:48.084838Z,Opulera,70,online
2026-09-24T22:38:11Z,2026-09-24T22:38:48.084838Z,Ourobra,304,online
2026-09-24T22:38:11Z,2026-09-24T22:38:48.084838Z,Pacera,299,online
2026-09-24T22:38:11Z,2026-09-24T22:38:48.084838Z,Peloria,211,online
2026-09-24T22:38:11Z,2026-09-24T22:38:48.084838Z,Penumbra,6,online
2026-09-24T22:38:11Z,2026-09-24T22:38:48.084838Z,Premia,99,online
2026-09-24T22:38:11Z,2026-09-24T22:38:48.084838Z,Quelibra,327,online
2026-09-24T22:38:11Z,2026-09-24T22:38:48.084838Z,Quidera,232,online
2026-09-24T22:38:11Z,2026-09-24T22:38:48.084838Z,Quintera,280,online
2026-09-24T22:38:11Z,2026-09-24T22:38:48.084838Z,Rasteibra,310,online
2026-09-24T22:38:11Z,2026-09-24T22:38:48.084838Z,Refugia,188,online
2026-09-24T22:38:11Z,2026-09-24T22:38:48.084838Z,Retalia,20,online
2026-09-24T22:38:11Z,2026-09-24T22:38:48.084838Z,Secura,379,online
2026-09-24T22:38:11Z,2026-09-24T22:38:48.084838Z,Serdebra,380,online
2026-09-24T22:38:11Z,2026-09-24T22:38:48.084838Z,Sinistra,52,online
2026-09-24T22:38:11Z,2026-09-24T22:38:48.084838Z,Solidera,366,online
2026-09-24T22:38:11Z,2026-09-24T22:38:48.084838Z,Sombra,15,online
2026-09-24T22:38:11Z,2026-09-24T22:38:48.084838Z,Sonira,34,online
2026-09-24T22:38:11Z,2026-09-24T22:38:48.084838Z,Stralis,10,online
2026-09-24T22:38:11Z,2026-09-24T22:38:48.084838Z,Talera,319,online
2026-09-24T22:38:11Z,2026-09-24T22:38:48.084838Z,Tempestera,34,online
2026-09-24T22:38:11Z,2026-09-24T22:38:48.084838Z,Terribra,119,online
2026-09-24T22:38:11Z,2026-09-24T22:38:48.084838Z,Thyria,164,online
2026-09-24T22:38:11Z,2026-09-24T22:38:48.084838Z,Tornabra,205,online
2026-09-24T22:38:11Z,2026-09-24T22:38:48.084838Z,Unebra,204,online
2026-09-24T22:38:11Z,2026-09-24T22:38:48.084838Z,Ustebra,543,online
2026-09-24T22:38:11Z,2026-09-24T22:38:48.084838Z,Venebra,215,online
2026-09-24T22:38:11Z,2026-09-24T22:38:48.084838Z,Victoris,21,online
2026-09-24T22:38:11Z,2026-09-24T22:38:48.084838Z,Vunira,248,online
2026-09-24T22:38:11Z,2026-09-24T22:38:48.084838Z,Wickera,75,online
2026-09-24T22:38:11Z,2026-09-24T22:38:48.084838Z,Wintera,302,online
2026-09-24T22:38:11Z,2026-09-24T22:38:48.084838Z,Xybra,97,online
2026-09-24T22:38:11Z,2026-09-24T22:38:48.084838Z,Xyla,99,online
2026-09-24T22:38:11Z,2026-09-24T22:38:48.084838Z,Xymera,104,online
2026-09-24T22:38:11Z,2026-09-24T22:38:48.084838Z,Yonabra,276,online
2026-09-24T22:38:11Z,2026-09-24T22:38:48.084838Z,Yovera,263,online
2026-09-24T22:38:11Z,2026-09-24T22:38:48.084838Z,Yubra,130,online
2026-09-24T22:38:11Z,2026-09-24T22:38:48.084838Z,Zuna,5,online
2026-09-24T22:38:11Z,2026-09-24T22:38:48.084838Z,Zunera,14,online
2026-09-25T01:43:18Z,2026-09-25T01:43:45.958050Z,Aethera,68,online
2026-09-25T01:43:18Z,2026-09-25T01:43:45.958050Z,Antica,194,online
2026-09-25T01:43:18Z,2026-09-25T01:43:45.958050Z,Astera,441,online
2026-09-25T01:43:18Z,2026-09-25T01:43:45.958050Z,Belobra,453,online
2026-09-25T01:43:18Z,2026-09-25T01:43:45.958050Z,Blumera,217,online
2026-09-25T01:43:18Z,2026-09-25T01:43:45.958050Z,Bona,90,online
2026-09-25T01:43:18Z,2026-09-25T01:43:45.958050Z,Bravoria,23,online
2026-09-25T01:43:18Z,2026-09-25T01:43:45.958050Z,Calmera,243,online
2026-09-25T01:43:18Z,2026-09-25T01:43:45.958050Z,Cantabra,162,online
2026-09-25T01:43:18Z,2026-09-25T01:43:45.958050Z,Celebra,316,online
2026-09-25T01:43:18Z,2026-09-25T01:43:45.958050Z,Celesta,80,online
2026-09-25T01:43:18Z,2026-09-25T01:43:45.958050Z,Citra,30,online
2026-09-25T01:43:18Z,2026-09-25T01:43:45.958050Z,Collabra,264,online
2026-09-25T01:43:18Z,2026-09-25T01:43:45.958050Z,Descubra,316,online
2026-09-25T01:43:18Z,2026-09-25T01:43:45.958050Z,Dia,51,online
2026-09-25T01:43:18Z,2026-09-25T01:43:45.958050Z,Dracobra,102,online
2026-09-25T01:43:18Z,2026-09-25T01:43:45.958050Z,Eclipta,8,online
2026-09-25T01:43:18Z,2026-09-25T01:43:45.958050Z,Epoca,15,online
2026-09-25T01:43:18Z,2026-09-25T01:43:45.958050Z,Escura,0,offline
2026-09-25T01:43:18Z,2026-09-25T01:43:45.958050Z,Etebra,128,online
2026-09-25T01:43:18Z,2026-09-25T01:43:45.958050Z,Ferobra,429,online
2026-09-25T01:43:18Z,2026-09-25T01:43:45.958050Z,Firmera,59,online
2026-09-25T01:43:18Z,2026-09-25T01:43:45.958050Z,Floribra,187,online
2026-09-25T01:43:18Z,2026-09-25T01:43:45.958050Z,Gentebra,350,online
2026-09-25T01:43:18Z,2026-09-25T01:43:45.958050Z,Gladera,191,online
2026-09-25T01:43:18Z,2026-09-25T01:43:45.958050Z,Gladibra,19,online
2026-09-25T01:43:18Z,2026-09-25T01:43:45.958050Z,Harmonia,69,online
2026-09-25T01:43:18Z,2026-09-25T01:43:45.958050Z,Havera,314,online
2026-09-25T01:43:18Z,2026-09-25T01:43:45.958050Z,Honbra,282,online
2026-09-25T01:43:18Z,2026-09-25T01:43:45.958050Z,Hostera,38,online
2026-09-25T01:43:18Z,2026-09-25T01:43:45.958050Z,Idyllia,7,online
2026-09-25T01:43:18Z,2026-09-25T01:43:45.958050Z,Ignibra,7,online
2026-09-25T01:43:18Z,2026-09-25T01:43:45.958050Z,Ignitera,40,online
2026-09-25T01:43:18Z,2026-09-25T01:43:45.958050Z,Inabra,443,online
2026-09-25T01:43:18Z,2026-09-25T01:43:45.958050Z,Issobra,194,online
2026-09-25T01:43:18Z,2026-09-25T01:43:45.958050Z,Jadebra,280,online
2026-09-25T01:43:18Z,2026-09-25T01:43:45.958050Z,Jinxibra,55,online
2026-09-25T01:43:18Z,2026-09-25T01:43:45.958050Z,Junera,82,online
2026-09-25T01:43:18Z,2026-09-25T01:43:45.958050Z,Kalanta,29,online
2026-09-25T01:43:18Z,2026-09-25T01:43:45.958050Z,Kalibra,313,online
2026-09-25T01:43:18Z,2026-09-25T01:43:45.958050Z,Kalimera,46,online
2026-09-25T01:43:18Z,2026-09-25T01:43:45.958050Z,Kanda,29,online
2026-09-25T01:43:18Z,2026-09-25T01:43:45.958050Z,Karmeya,34,online
2026-09-25T01:43:18Z,2026-09-25T01:43:45.958050Z,Lobera,448,online
2026-09-25T01:43:18Z,2026-09-25T01:43:45.958050Z,Luminera,238,online
2026-09-25T01:43:18Z,2026-09-25T01:43:45.958050Z,Lutabra,8,online
2026-09-25T01:43:18Z,2026-09-25T01:43:45.958050Z,Luzibra,119,online
2026-09-25T01:43:18Z,2026-09-25T01:43:45.958050Z,Maligna,31,online
2026-09-25T01:43:18Z,2026-09-25T01:43:45.958050Z,Menera,231,online
2026-09-25T01:43:18Z,2026-09-25T01:43:45.958050Z,Monstera,47,online
2026-09-25T01:43:18Z,2026-09-25T01:43:45.958050Z,Monza,74,online
2026-09-25T01:43:18Z,2026-09-25T01:43:45.958050Z,Mystera,8,online
2026-09-25T01:43:18Z,2026-09-25T01:43:45.958050Z,Nefera,401,online
2026-09-25T01:43:18Z,2026-09-25T01:43:45.958050Z,Nevia,76,online
2026-09-25T01:43:18Z,2026-09-25T01:43:45.958050Z,Noctalia,11,online
2026-09-25T01:43:18Z,2026-09-25T01:43:45.958050Z,Oceanis,25,online
2026-09-25T01:43:18Z,2026-09-25T01:43:45.958050Z,Ombra,215,online
2026-09-25T01:43:18Z,2026-09-25T01:43:45.958050Z,Opulera,97,online
2026-09-25T01:43:18Z,2026-09-25T01:43:45.958050Z,Ourobra,301,online
2026-09-25T01:43:18Z,2026-09-25T01:43:45.958050Z,Pacera,322,online
2026-09-25T01:43:18Z,2026-09-25T01:43:45.958050Z,Peloria,107,online
2026-09-25T01:43:18Z,2026-09-25T01:43:45.958050Z,Penumbra,11,online
2026-09-25T01:43:18Z,2026-09-25T01:43:45.958050Z,Premia,57,online
2026-09-25T01:43:18Z,2026-09-25T01:43:45.958050Z,Quelibra,365,online
2026-09-25T01:43:18Z,2026-09-25T01:43:45.958050Z,Quidera,317,online
2026-09-25T01:43:18Z,2026-09-25T01:43:45.958050Z,Quintera,245,online
2026-09-25T01:43:18Z,2026-09-25T01:43:45.958050Z,Rasteibra,319,online
2026-09-25T01:43:18Z,2026-09-25T01:43:45.958050Z,Refugia,75,online
2026-09-25T01:43:18Z,2026-09-25T01:43:45.958050Z,Retalia,7,online
2026-09-25T01:43:18Z,2026-09-25T01:43:45.958050Z,Secura,151,online
2026-09-25T01:43:18Z,2026-09-25T01:43:45.958050Z,Serdebra,353,online
2026-09-25T01:43:18Z,2026-09-25T01:43:45.958050Z,Sinistra,14,online
2026-09-25T01:43:18Z,2026-09-25T01:43:45.958050Z,Solidera,349,online
2026-09-25T01:43:18Z,2026-09-25T01:43:45.958050Z,Sombra,60,online
2026-09-25T01:43:18Z,2026-09-25T01:43:45.958050Z,Sonira,10,online
2026-09-25T01:43:18Z,2026-09-25T01:43:45.958050Z,Stralis,12,online
2026-09-25T01:43:18Z,2026-09-25T01:43:45.958050Z,Talera,501,online
2026-09-25T01:43:18Z,2026-09-25T01:43:45.958050Z,Tempestera,43,online
2026-09-25T01:43:18Z,2026-09-25T01:43:45.958050Z,Terribra,165,online
2026-09-25T01:43:18Z,2026-09-25T01:43:45.958050Z,Thyria,66,online
2026-09-25T01:43:18Z,2026-09-25T01:43:45.958050Z,Tornabra,188,online
2026-09-25T01:43:18Z,2026-09-25T01:43:45.958050Z,Unebra,210,online
2026-09-25T01:43:18Z,2026-09-25T01:43:45.958050Z,Ustebra,595,online
2026-09-25T01:43:18Z,2026-09-25T01:43:45.958050Z,Venebra,266,online
2026-09-25T01:43:18Z,2026-09-25T01:43:45.958050Z,Victoris,12,online
2026-09-25T01:43:18Z,2026-09-25T01:43:45.958050Z,Vunira,101,online
2026-09-25T01:43:18Z,2026-09-25T01:43:45.958050Z,Wickera,99,online
2026-09-25T01:43:18Z,2026-09-25T01:43:45.958050Z,Wintera,374,online
2026-09-25T01:43:18Z,2026-09-25T01:43:45.958050Z,Xybra,100,online
2026-09-25T01:43:18Z,2026-09-25T01:43:45.958050Z,Xyla,28,online
2026-09-25T01:43:18Z,2026-09-25T01:43:45.958050Z,Xymera,117,online
2026-09-25T01:43:18Z,2026-09-25T01:43:45.958050Z,Yonabra,278,online
2026-09-25T01:43:18Z,2026-09-25T01:43:45.958050Z,Yovera,321,online
2026-09-25T01:43:18Z,2026-09-25T01:43:45.958050Z,Yubra,165,online
2026-09-25T01:43:18Z,2026-09-25T01:43:45.958050Z,Zuna,6,online
2026-09-25T01:43:18Z,2026-09-25T01:43:45.958050Z,Zunera,9,online
2026-09-25T08:04:34Z,2026-09-25T08:04:48.892808Z,Aethera,0,offline
2026-09-25T08:04:34Z,2026-09-25T08:04:48.892808Z,Antica,0,offline
2026-09-25T08:04:34Z,2026-09-25T08:04:48.892808Z,Astera,0,offline
2026-09-25T08:04:34Z,2026-09-25T08:04:48.892808Z,Belobra,0,offline
2026-09-25T08:04:34Z,2026-09-25T08:04:48.892808Z,Blumera,0,offline
2026-09-25T08:04:34Z,2026-09-25T08:04:48.892808Z,Bona,0,offline
2026-09-25T08:04:34Z,2026-09-25T08:04:48.892808Z,Bravoria,0,offline
2026-09-25T08:04:34Z,2026-09-25T08:04:48.892808Z,Calmera,0,offline
2026-09-25T08:04:34Z,2026-09-25T08:04:48.892808Z,Cantabra,0,offline
2026-09-25T08:04:34Z,2026-09-25T08:04:48.892808Z,Celebra,0,offline
2026-09-25T08:04:34Z,2026-09-25T08:04:48.892808Z,Celesta,0,offline
2026-09-25T08:04:34Z,2026-09-25T08:04:48.892808Z,Citra,0,offline
2026-09-25T08:04:34Z,2026-09-25T08:04:48.892808Z,Collabra,0,offline
2026-09-25T08:04:34Z,2026-09-25T08:04:48.892808Z,Descubra,0,offline
2026-09-25T08:04:34Z,2026-09-25T08:04:48.892808Z,Dia,0,offline
2026-09-25T08:04:34Z,2026-09-25T08:04:48.892808Z,Dracobra,0,offline
2026-09-25T08:04:34Z,2026-09-25T08:04:48.892808Z,Eclipta,0,offline
2026-09-25T08:04:34Z,2026-09-25T08:04:48.892808Z,Epoca,0,offline
2026-09-25T08:04:34Z,2026-09-25T08:04:48.892808Z,Escura,0,offline
2026-09-25T08:04:34Z,2026-09-25T08:04:48.892808Z,Etebra,0,offline
2026-09-25T08:04:34Z,2026-09-25T08:04:48.892808Z,Ferobra,0,offline
2026-09-25T08:04:34Z,2026-09-25T08:04:48.892808Z,Firmera,0,offline
2026-09-25T08:04:34Z,2026-09-25T08:04:48.892808Z,Floribra,0,offline
2026-09-25T08:04:34Z,2026-09-25T08:04:48.892808Z,Gentebra,0,offline
2026-09-25T08:04:34Z,2026-09-25T08:04:48.892808Z,Gladera,0,offline
2026-09-25T08:04:34Z,2026-09-25T08:04:48.892808Z,Gladibra,0,offline
2026-09-25T08:04:34Z,2026-09-25T08:04:48.892808Z,Harmonia,0,offline
2026-09-25T08:04:34Z,2026-09-25T08:04:48.892808Z,Havera,0,offline
2026-09-25T08:04:34Z,2026-09-25T08:04:48.892808Z,Honbra,0,offline
2026-09-25T08:04:34Z,2026-09-25T08:04:48.892808Z,Hostera,0,offline
2026-09-25T08:04:34Z,2026-09-25T08:04:48.892808Z,Idyllia,0,offline
2026-09-25T08:04:34Z,2026-09-25T08:04:48.892808Z,Ignibra,0,offline
2026-09-25T08:04:34Z,2026-09-25T08:04:48.892808Z,Ignitera,0,offline
2026-09-25T08:04:34Z,2026-09-25T08:04:48.892808Z,Inabra,0,offline
2026-09-25T08:04:34Z,2026-09-25T08:04:48.892808Z,Issobra,0,offline
2026-09-25T08:04:34Z,2026-09-25T08:04:48.892808Z,Jadebra,0,offline
2026-09-25T08:04:34Z,2026-09-25T08:04:48.892808Z,Jinxibra,0,offline
2026-09-25T08:04:34Z,2026-09-25T08:04:48.892808Z,Junera,0,offline
2026-09-25T08:04:34Z,2026-09-25T08:04:48.892808Z,Kalanta,0,offline
2026-09-25T08:04:34Z,2026-09-25T08:04:48.892808Z,Kalibra,0,offline
2026-09-25T08:04:34Z,2026-09-25T08:04:48.892808Z,Kalimera,0,offline
2026-09-25T08:04:34Z,2026-09-25T08:04:48.892808Z,Kanda,0,offline
2026-09-25T08:04:34Z,2026-09-25T08:04:48.892808Z,Karmeya,0,offline
2026-09-25T08:04:34Z,2026-09-25T08:04:48.892808Z,Lobera,0,offline
2026-09-25T08:04:34Z,2026-09-25T08:04:48.892808Z,Luminera,0,offline
2026-09-25T08:04:34Z,2026-09-25T08:04:48.892808Z,Lutabra,0,offline
2026-09-25T08:04:34Z,2026-09-25T08:04:48.892808Z,Luzibra,0,offline
2026-09-25T08:04:34Z,2026-09-25T08:04:48.892808Z,Maligna,0,offline
2026-09-25T08:04:34Z,2026-09-25T08:04:48.892808Z,Menera,0,offline
2026-09-25T08:04:34Z,2026-09-25T08:04:48.892808Z,Monstera,0,offline
2026-09-25T08:04:34Z,2026-09-25T08:04:48.892808Z,Monza,0,offline
2026-09-25T08:04:34Z,2026-09-25T08:04:48.892808Z,Mystera,0,offline
2026-09-25T08:04:34Z,2026-09-25T08:04:48.892808Z,Nefera,0,offline
2026-09-25T08:04:34Z,2026-09-25T08:04:48.892808Z,Nevia,0,offline
2026-09-25T08:04:34Z,2026-09-25T08:04:48.892808Z,Noctalia,0,offline
2026-09-25T08:04:34Z,2026-09-25T08:04:48.892808Z,Oceanis,0,offline
2026-09-25T08:04:34Z,2026-09-25T08:04:48.892808Z,Ombra,0,offline
2026-09-25T08:04:34Z,2026-09-25T08:04:48.892808Z,Opulera,0,offline
2026-09-25T08:04:34Z,2026-09-25T08:04:48.892808Z,Ourobra,0,offline
2026-09-25T08:04:34Z,2026-09-25T08:04:48.892808Z,Pacera,0,offline
2026-09-25T08:04:34Z,2026-09-25T08:04:48.892808Z,Peloria,0,offline
2026-09-25T08:04:34Z,2026-09-25T08:04:48.892808Z,Penumbra,0,offline
2026-09-25T08:04:34Z,2026-09-25T08:04:48.892808Z,Premia,0,offline
2026-09-25T08:04:34Z,2026-09-25T08:04:48.892808Z,Quelibra,0,offline
2026-09-25T08:04:34Z,2026-09-25T08:04:48.892808Z,Quidera,0,offline
2026-09-25T08:04:34Z,2026-09-25T08:04:48.892808Z,Quintera,0,offline
2026-09-25T08:04:34Z,2026-09-25T08:04:48.892808Z,Rasteibra,0,offline
2026-09-25T08:04:34Z,2026-09-25T08:04:48.892808Z,Refugia,0,offline
2026-09-25T08:04:34Z,2026-09-25T08:04:48.892808Z,Retalia,0,offline
2026-09-25T08:04:34Z,2026-09-25T08:04:48.892808Z,Secura,0,offline
2026-09-25T08:04:34Z,2026-09-25T08:04:48.892808Z,Serdebra,0,offline
2026-09-25T08:04:34Z,2026-09-25T08:04:48.892808Z,Sinistra,0,offline
2026-09-25T08:04:34Z,2026-09-25T08:04:48.892808Z,Solidera,0,offline
2026-09-25T08:04:34Z,2026-09-25T08:04:48.892808Z,Sombra,0,offline
2026-09-25T08:04:34Z,2026-09-25T08:04:48.892808Z,Sonira,0,offline
2026-09-25T08:04:34Z,2026-09-25T08:04:48.892808Z,Stralis,0,offline
2026-09-25T08:04:34Z,2026-09-25T08:04:48.892808Z,Talera,0,offline
2026-09-25T08:04:34Z,2026-09-25T08:04:48.892808Z,Tempestera,0,offline
2026-09-25T08:04:34Z,2026-09-25T08:04:48.892808Z,Terribra,0,offline
2026-09-25T08:04:34Z,2026-09-25T08:04:48.892808Z,Thyria,0,offline
2026-09-25T08:04:34Z,2026-09-25T08:04:48.892808Z,Tornabra,0,offline
2026-09-25T08:04:34Z,2026-09-25T08:04:48.892808Z,Unebra,0,offline
2026-09-25T08:04:34Z,2026-09-25T08:04:48.892808Z,Ustebra,0,offline
2026-09-25T08:04:34Z,2026-09-25T08:04:48.892808Z,Venebra,0,offline
2026-09-25T08:04:34Z,2026-09-25T08:04:48.892808Z,Victoris,0,offline
2026-09-25T08:04:34Z,2026-09-25T08:04:48.892808Z,Vunira,0,offline
2026-09-25T08:04:34Z,2026-09-25T08:04:48.892808Z,Wickera,0,offline
2026-09-25T08:04:34Z,2026-09-25T08:04:48.892808Z,Wintera,0,offline
2026-09-25T08:04:34Z,2026-09-25T08:04:48.892808Z,Xybra,0,offline
2026-09-25T08:04:34Z,2026-09-25T08:04:48.892808Z,Xyla,0,offline
2026-09-25T08:04:34Z,2026-09-25T08:04:48.892808Z,Xymera,0,offline
2026-09-25T08:04:34Z,2026-09-25T08:04:48.892808Z,Yonabra,0,offline
2026-09-25T08:04:34Z,2026-09-25T08:04:48.892808Z,Yovera,0,offline
2026-09-25T08:04:34Z,2026-09-25T08:04:48.892808Z,Yubra,0,offline
2026-09-25T08:04:34Z,2026-09-25T08:04:48.892808Z,Zuna,0,offline
2026-09-25T08:04:34Z,2026-09-25T08:04:48.892808Z,Zunera,0,offline
2026-09-25T14:03:28Z,2026-09-25T14:03:41.744844Z,Aethera,27,online
2026-09-25T14:03:28Z,2026-09-25T14:03:41.744844Z,Antica,584,online
2026-09-25T14:03:28Z,2026-09-25T14:03:41.744844Z,Astera,267,online
2026-09-25T14:03:28Z,2026-09-25T14:03:41.744844Z,Belobra,281,online
2026-09-25T14:03:28Z,2026-09-25T14:03:41.744844Z,Blumera,112,online
2026-09-25T14:03:28Z,2026-09-25T14:03:41.744844Z,Bona,328,online
2026-09-25T14:03:28Z,2026-09-25T14:03:41.744844Z,Bravoria,44,online
2026-09-25T14:03:28Z,2026-09-25T14:03:41.744844Z,Calmera,158,online
2026-09-25T14:03:28Z,2026-09-25T14:03:41.744844Z,Cantabra,83,online
2026-09-25T14:03:28Z,2026-09-25T14:03:41.744844Z,Celebra,206,online
2026-09-25T14:03:28Z,2026-09-25T14:03:41.744844Z,Celesta,335,online
2026-09-25T14:03:28Z,2026-09-25T14:03:41.744844Z,Citra,50,online
2026-09-25T14:03:28Z,2026-09-25T14:03:41.744844Z,Collabra,196,online
2026-09-25T14:03:28Z,2026-09-25T14:03:41.744844Z,Descubra,219,online
2026-09-25T14:03:28Z,2026-09-25T14:03:41.744844Z,Dia,218,online
2026-09-25T14:03:28Z,2026-09-25T14:03:41.744844Z,Dracobra,76,online
2026-09-25T14:03:28Z,2026-09-25T14:03:41.744844Z,Eclipta,20,online
2026-09-25T14:03:28Z,2026-09-25T14:03:41.744844Z,Epoca,37,online
2026-09-25T14:03:28Z,2026-09-25T14:03:41.744844Z,Escura,1,online
2026-09-25T14:03:28Z,2026-09-25T14:03:41.744844Z,Etebra,109,online
2026-09-25T14:03:28Z,2026-09-25T14:03:41.744844Z,Ferobra,229,online
2026-09-25T14:03:28Z,2026-09-25T14:03:41.744844Z,Firmera,28,online
2026-09-25T14:03:28Z,2026-09-25T14:03:41.744844Z,Floribra,118,online
2026-09-25T14:03:28Z,2026-09-25T14:03:41.744844Z,Gentebra,254,online
2026-09-25T14:03:28Z,2026-09-25T14:03:41.744844Z,Gladera,98,online
2026-09-25T14:03:28Z,2026-09-25T14:03:41.744844Z,Gladibra,31,online
2026-09-25T14:03:28Z,2026-09-25T14:03:41.744844Z,Harmonia,183,online
2026-09-25T14:03:28Z,2026-09-25T14:03:41.744844Z,Havera,165,online
2026-09-25T14:03:28Z,2026-09-25T14:03:41.744844Z,Honbra,214,online
2026-09-25T14:03:28Z,2026-09-25T14:03:41.744844Z,Hostera,13,online
2026-09-25T14:03:28Z,2026-09-25T14:03:41.744844Z,Idyllia,31,online
2026-09-25T14:03:28Z,2026-09-25T14:03:41.744844Z,Ignibra,3,online
2026-09-25T14:03:28Z,2026-09-25T14:03:41.744844Z,Ignitera,29,online
2026-09-25T14:03:28Z,2026-09-25T14:03:41.744844Z,Inabra,323,online
2026-09-25T14:03:28Z,2026-09-25T14:03:41.744844Z,Issobra,131,online
2026-09-25T14:03:28Z,2026-09-25T14:03:41.744844Z,Jadebra,170,online
2026-09-25T14:03:28Z,2026-09-25T14:03:41.744844Z,Jinxibra,27,online
2026-09-25T14:03:28Z,2026-09-25T14:03:41.744844Z,Junera,60,online
2026-09-25T14:03:28Z,2026-09-25T14:03:41.744844Z,Kalanta,125,online
2026-09-25T14:03:28Z,2026-09-25T14:03:41.744844Z,Kalibra,238,online
2026-09-25T14:03:28Z,2026-09-25T14:03:41.744844Z,Kalimera,27,online
2026-09-25T14:03:28Z,2026-09-25T14:03:41.744844Z,Kanda,103,online
2026-09-25T14:03:28Z,2026-09-25T14:03:41.744844Z,Karmeya,182,online
2026-09-25T14:03:28Z,2026-09-25T14:03:41.744844Z,Lobera,228,online
2026-09-25T14:03:28Z,2026-09-25T14:03:41.744844Z,Luminera,138,online
2026-09-25T14:03:28Z,2026-09-25T14:03:41.744844Z,Lutabra,9,online
2026-09-25T14:03:28Z,2026-09-25T14:03:41.744844Z,Luzibra,47,online
2026-09-25T14:03:28Z,2026-09-25T14:03:41.744844Z,Maligna,48,online
2026-09-25T14:03:28Z,2026-09-25T14:03:41.744844Z,Menera,103,online
2026-09-25T14:03:28Z,2026-09-25T14:03:41.744844Z,Monstera,40,online
2026-09-25T14:03:28Z,2026-09-25T14:03:41.744844Z,Monza,233,online
2026-09-25T14:03:28Z,2026-09-25T14:03:41.744844Z,Mystera,6,online
2026-09-25T14:03:28Z,2026-09-25T14:03:41.744844Z,Nefera,242,online
2026-09-25T14:03:28Z,2026-09-25T14:03:41.744844Z,Nevia,398,online
2026-09-25T14:03:28Z,2026-09-25T14:03:41.744844Z,Noctalia,56,online
2026-09-25T14:03:28Z,2026-09-25T14:03:41.744844Z,Oceanis,70,online
2026-09-25T14:03:28Z,2026-09-25T14:03:41.744844Z,Ombra,170,online
2026-09-25T14:03:28Z,2026-09-25T14:03:41.744844Z,Opulera,46,online
2026-09-25T14:03:28Z,2026-09-25T14:03:41.744844Z,Ourobra,194,online
2026-09-25T14:03:28Z,2026-09-25T14:03:41.744844Z,Pacera,171,online
2026-09-25T14:03:28Z,2026-09-25T14:03:41.744844Z,Peloria,246,online
2026-09-25T14:03:28Z,2026-09-25T14:03:41.744844Z,Penumbra,5,online
2026-09-25T14:03:28Z,2026-09-25T14:03:41.744844Z,Premia,112,online
2026-09-25T14:03:28Z,2026-09-25T14:03:41.744844Z,Quelibra,256,online
2026-09-25T14:03:28Z,2026-09-25T14:03:41.744844Z,Quidera,162,online
2026-09-25T14:03:28Z,2026-09-25T14:03:41.744844Z,Quintera,198,online
2026-09-25T14:03:28Z,2026-09-25T14:03:41.744844Z,Rasteibra,199,online
2026-09-25T14:03:28Z,2026-09-25T14:03:41.744844Z,Refugia,242,online
2026-09-25T14:03:28Z,2026-09-25T14:03:41.744844Z,Retalia,37,online
2026-09-25T14:03:28Z,2026-09-25T14:03:41.744844Z,Secura,591,online
2026-09-25T14:03:28Z,2026-09-25T14:03:41.744844Z,Serdebra,244,online
2026-09-25T14:03:28Z,2026-09-25T14:03:41.744844Z,Sinistra,66,online
2026-09-25T14:03:28Z,2026-09-25T14:03:41.744844Z,Solidera,178,online
2026-09-25T14:03:28Z,2026-09-25T14:03:41.744844Z,Sombra,14,online
2026-09-25T14:03:28Z,2026-09-25T14:03:41.744844Z,Sonira,57,online
2026-09-25T14:03:28Z,2026-09-25T14:03:41.744844Z,Stralis,25,online
2026-09-25T14:03:28Z,2026-09-25T14:03:41.744844Z,Talera,195,online
2026-09-25T14:03:28Z,2026-09-25T14:03:41.744844Z,Tempestera,13,online
2026-09-25T14:03:28Z,2026-09-25T14:03:41.744844Z,Terribra,118,online
2026-09-25T14:03:28Z,2026-09-25T14:03:41.744844Z,Thyria,243,online
2026-09-25T14:03:28Z,2026-09-25T14:03:41.744844Z,Tornabra,126,online
2026-09-25T14:03:28Z,2026-09-25T14:03:41.744844Z,Unebra,128,online
2026-09-25T14:03:28Z,2026-09-25T14:03:41.744844Z,Ustebra,366,online
2026-09-25T14:03:28Z,2026-09-25T14:03:41.744844Z,Venebra,159,online
2026-09-25T14:03:28Z,2026-09-25T14:03:41.744844Z,Victoris,31,online
2026-09-25T14:03:28Z,2026-09-25T14:03:41.744844Z,Vunira,293,online
2026-09-25T14:03:28Z,2026-09-25T14:03:41.744844Z,Wickera,40,online
2026-09-25T14:03:28Z,2026-09-25T14:03:41.744844Z,Wintera,201,online
2026-09-25T14:03:28Z,2026-09-25T14:03:41.744844Z,Xybra,79,online
2026-09-25T14:03:28Z,2026-09-25T14:03:41.744844Z,Xyla,129,online
2026-09-25T14:03:28Z,2026-09-25T14:03:41.744844Z,Xymera,70,online
2026-09-25T14:03:28Z,2026-09-25T14:03:41.744844Z,Yonabra,188,online
2026-09-25T14:03:28Z,2026-09-25T14:03:41.744844Z,Yovera,154,online
2026-09-25T14:03:28Z,2026-09-25T14:03:41.744844Z,Yubra,87,online
2026-09-25T14:03:28Z,2026-09-25T14:03:41.744844Z,Zuna,7,online
2026-09-25T14:03:28Z,2026-09-25T14:03:41.744844Z,Zunera,8,online
2026-09-25T18:48:19Z,2026-09-25T18:48:19.748356Z,Aethera,39,online
2026-09-25T18:48:19Z,2026-09-25T18:48:19.748356Z,Antica,917,online
2026-09-25T18:48:19Z,2026-09-25T18:48:19.748356Z,Astera,336,online
2026-09-25T18:48:19Z,2026-09-25T18:48:19.748356Z,Belobra,327,online
2026-09-25T18:48:19Z,2026-09-25T18:48:19.748356Z,Blumera,151,online
2026-09-25T18:48:19Z,2026-09-25T18:48:19.748356Z,Bona,502,online
2026-09-25T18:48:19Z,2026-09-25T18:48:19.748356Z,Bravoria,80,online
2026-09-25T18:48:19Z,2026-09-25T18:48:19.748356Z,Calmera,218,online
2026-09-25T18:48:19Z,2026-09-25T18:48:19.748356Z,Cantabra,98,online
2026-09-25T18:48:19Z,2026-09-25T18:48:19.748356Z,Celebra,203,online
2026-09-25T18:48:19Z,2026-09-25T18:48:19.748356Z,Celesta,488,online
2026-09-25T18:48:19Z,2026-09-25T18:48:19.748356Z,Citra,122,online
2026-09-25T18:48:19Z,2026-09-25T18:48:19.748356Z,Collabra,176,online
2026-09-25T18:48:19Z,2026-09-25T18:48:19.748356Z,Descubra,204,online
2026-09-25T18:48:19Z,2026-09-25T18:48:19.748356Z,Dia,336,online
2026-09-25T18:48:19Z,2026-09-25T18:48:19.748356Z,Dracobra,89,online
2026-09-25T18:48:19Z,2026-09-25T18:48:19.748356Z,Eclipta,30,online
2026-09-25T18:48:19Z,2026-09-25T18:48:19.748356Z,Epoca,57,online
2026-09-25T18:48:19Z,2026-09-25T18:48:19.748356Z,Escura,8,online
2026-09-25T18:48:19Z,2026-09-25T18:48:19.748356Z,Etebra,113,online
2026-09-25T18:48:19Z,2026-09-25T18:48:19.748356Z,Ferobra,271,online
2026-09-25T18:48:19Z,2026-09-25T18:48:19.748356Z,Firmera,30,online
2026-09-25T18:48:19Z,2026-09-25T18:48:19.748356Z,Floribra,136,online
2026-09-25T18:48:19Z,2026-09-25T18:48:19.748356Z,Gentebra,260,online
2026-09-25T18:48:19Z,2026-09-25T18:48:19.748356Z,Gladera,117,online
2026-09-25T18:48:19Z,2026-09-25T18:48:19.748356Z,Gladibra,25,online
2026-09-25T18:48:19Z,2026-09-25T18:48:19.748356Z,Harmonia,370,online
2026-09-25T18:48:19Z,2026-09-25T18:48:19.748356Z,Havera,209,online
2026-09-25T18:48:19Z,2026-09-25T18:48:19.748356Z,Honbra,202,online
2026-09-25T18:48:19Z,2026-09-25T18:48:19.748356Z,Hostera,23,online
2026-09-25T18:48:19Z,2026-09-25T18:48:19.748356Z,Idyllia,37,online
2026-09-25T18:48:19Z,2026-09-25T18:48:19.748356Z,Ignibra,6,online
2026-09-25T18:48:19Z,2026-09-25T18:48:19.748356Z,Ignitera,27,online
2026-09-25T18:48:19Z,2026-09-25T18:48:19.748356Z,Inabra,306,online
2026-09-25T18:48:19Z,2026-09-25T18:48:19.748356Z,Issobra,134,online
2026-09-25T18:48:19Z,2026-09-25T18:48:19.748356Z,Jadebra,192,online
2026-09-25T18:48:19Z,2026-09-25T18:48:19.748356Z,Jinxibra,44,online
2026-09-25T18:48:19Z,2026-09-25T18:48:19.748356Z,Junera,73,online
2026-09-25T18:48:19Z,2026-09-25T18:48:19.748356Z,Kalanta,213,online
2026-09-25T18:48:19Z,2026-09-25T18:48:19.748356Z,Kalibra,248,online
2026-09-25T18:48:19Z,2026-09-25T18:48:19.748356Z,Kalimera,43,online
2026-09-25T18:48:19Z,2026-09-25T18:48:19.748356Z,Kanda,165,online
2026-09-25T18:48:19Z,2026-09-25T18:48:19.748356Z,Karmeya,277,online
2026-09-25T18:48:19Z,2026-09-25T18:48:19.748356Z,Lobera,291,online
2026-09-25T18:48:19Z,2026-09-25T18:48:19.748356Z,Luminera,191,online
2026-09-25T18:48:19Z,2026-09-25T18:48:19.748356Z,Lutabra,14,online
2026-09-25T18:48:19Z,2026-09-25T18:48:19.748356Z,Luzibra,57,online
2026-09-25T18:48:19Z,2026-09-25T18:48:19.748356Z,Maligna,73,online
2026-09-25T18:48:19Z,2026-09-25T18:48:19.748356Z,Menera,140,online
2026-09-25T18:48:19Z,2026-09-25T18:48:19.748356Z,Monstera,48,online
2026-09-25T18:48:19Z,2026-09-25T18:48:19.748356Z,Monza,435,online
2026-09-25T18:48:19Z,2026-09-25T18:48:19.748356Z,Mystera,9,online
2026-09-25T18:48:19Z,2026-09-25T18:48:19.748356Z,Nefera,263,online
2026-09-25T18:48:19Z,2026-09-25T18:48:19.748356Z,Nevia,648,online
2026-09-25T18:48:19Z,2026-09-25T18:48:19.748356Z,Noctalia,85,online
2026-09-25T18:48:19Z,2026-09-25T18:48:19.748356Z,Oceanis,21,online
2026-09-25T18:48:19Z,2026-09-25T18:48:19.748356Z,Ombra,174,online
2026-09-25T18:48:19Z,2026-09-25T18:48:19.748356Z,Opulera,63,online
2026-09-25T18:48:19Z,2026-09-25T18:48:19.748356Z,Ourobra,228,online
2026-09-25T18:48:19Z,2026-09-25T18:48:19.748356Z,Pacera,234,online
2026-09-25T18:48:19Z,2026-09-25T18:48:19.748356Z,Peloria,427,online
2026-09-25T18:48:19Z,2026-09-25T18:48:19.748356Z,Penumbra,4,online
2026-09-25T18:48:19Z,2026-09-25T18:48:19.748356Z,Premia,205,online
2026-09-25T18:48:19Z,2026-09-25T18:48:19.748356Z,Quelibra,241,online
2026-09-25T18:48:19Z,2026-09-25T18:48:19.748356Z,Quidera,204,online
2026-09-25T18:48:19Z,2026-09-25T18:48:19.748356Z,Quintera,210,online
2026-09-25T18:48:19Z,2026-09-25T18:48:19.748356Z,Rasteibra,213,online
2026-09-25T18:48:19Z,2026-09-25T18:48:19.748356Z,Refugia,457,online
2026-09-25T18:48:19Z,2026-09-25T18:48:19.748356Z,Retalia,55,online
2026-09-25T18:48:19Z,2026-09-25T18:48:19.748356Z,Secura,893,online
2026-09-25T18:48:19Z,2026-09-25T18:48:19.748356Z,Serdebra,271,online
2026-09-25T18:48:19Z,2026-09-25T18:48:19.748356Z,Sinistra,101,online
2026-09-25T18:48:19Z,2026-09-25T18:48:19.748356Z,Solidera,225,online
2026-09-25T18:48:19Z,2026-09-25T18:48:19.748356Z,Sombra,15,online
2026-09-25T18:48:19Z,2026-09-25T18:48:19.748356Z,Sonira,80,online
2026-09-25T18:48:19Z,2026-09-25T18:48:19.748356Z,Stralis,12,online
2026-09-25T18:48:19Z,2026-09-25T18:48:19.748356Z,Talera,283,online
2026-09-25T18:48:19Z,2026-09-25T18:48:19.748356Z,Tempestera,18,online
2026-09-25T18:48:19Z,2026-09-25T18:48:19.748356Z,Terribra,89,online
2026-09-25T18:48:19Z,2026-09-25T18:48:19.748356Z,Thyria,457,online
2026-09-25T18:48:19Z,2026-09-25T18:48:19.748356Z,Tornabra,136,online
2026-09-25T18:48:19Z,2026-09-25T18:48:19.748356Z,Unebra,117,online
2026-09-25T18:48:19Z,2026-09-25T18:48:19.748356Z,Ustebra,390,online
2026-09-25T18:48:19Z,2026-09-25T18:48:19.748356Z,Venebra,197,online
2026-09-25T18:48:19Z,2026-09-25T18:48:19.748356Z,Victoris,7,online
2026-09-25T18:48:19Z,2026-09-25T18:48:19.748356Z,Vunira,461,online
2026-09-25T18:48:19Z,2026-09-25T18:48:19.748356Z,Wickera,62,online
2026-09-25T18:48:19Z,2026-09-25T18:48:19.748356Z,Wintera,255,online
2026-09-25T18:48:19Z,2026-09-25T18:48:19.748356Z,Xybra,63,online
2026-09-25T18:48:19Z,2026-09-25T18:48:19.748356Z,Xyla,235,online
2026-09-25T18:48:19Z,2026-09-25T18:48:19.748356Z,Xymera,90,online
2026-09-25T18:48:19Z,2026-09-25T18:48:19.748356Z,Yonabra,211,online
2026-09-25T18:48:19Z,2026-09-25T18:48:19.748356Z,Yovera,235,online
2026-09-25T18:48:19Z,2026-09-25T18:48:19.748356Z,Yubra,102,online
2026-09-25T18:48:19Z,2026-09-25T18:48:19.748356Z,Zuna,12,online
2026-09-25T18:48:19Z,2026-09-25T18:48:19.748356Z,Zunera,8,online
2026-09-25T22:38:49Z,2026-09-25T22:39:43.580373Z,Aethera,35,online
2026-09-25T22:38:49Z,2026-09-25T22:39:43.580373Z,Antica,629,online
2026-09-25T22:38:49Z,2026-09-25T22:39:43.580373Z,Astera,366,online
2026-09-25T22:38:49Z,2026-09-25T22:39:43.580373Z,Belobra,385,online
2026-09-25T22:38:49Z,2026-09-25T22:39:43.580373Z,Blumera,182,online
2026-09-25T22:38:49Z,2026-09-25T22:39:43.580373Z,Bona,288,online
2026-09-25T22:38:49Z,2026-09-25T22:39:43.580373Z,Bravoria,49,online
2026-09-25T22:38:49Z,2026-09-25T22:39:43.580373Z,Calmera,222,online
2026-09-25T22:38:49Z,2026-09-25T22:39:43.580373Z,Cantabra,148,online
2026-09-25T22:38:49Z,2026-09-25T22:39:43.580373Z,Celebra,265,online
2026-09-25T22:38:49Z,2026-09-25T22:39:43.580373Z,Celesta,243,online
2026-09-25T22:38:49Z,2026-09-25T22:39:43.580373Z,Citra,71,online
2026-09-25T22:38:49Z,2026-09-25T22:39:43.580373Z,Collabra,218,online
2026-09-25T22:38:49Z,2026-09-25T22:39:43.580373Z,Descubra,319,online
2026-09-25T22:38:49Z,2026-09-25T22:39:43.580373Z,Dia,164,online
2026-09-25T22:38:49Z,2026-09-25T22:39:43.580373Z,Dracobra,92,online
2026-09-25T22:38:49Z,2026-09-25T22:39:43.580373Z,Eclipta,12,online
2026-09-25T22:38:49Z,2026-09-25T22:39:43.580373Z,Epoca,51,online
2026-09-25T22:38:49Z,2026-09-25T22:39:43.580373Z,Escura,1,online
2026-09-25T22:38:49Z,2026-09-25T22:39:43.580373Z,Etebra,123,online
2026-09-25T22:38:49Z,2026-09-25T22:39:43.580373Z,Ferobra,333,online
2026-09-25T22:38:49Z,2026-09-25T22:39:43.580373Z,Firmera,27,online
2026-09-25T22:38:49Z,2026-09-25T22:39:43.580373Z,Floribra,152,online
2026-09-25T22:38:49Z,2026-09-25T22:39:43.580373Z,Gentebra,346,online
2026-09-25T22:38:49Z,2026-09-25T22:39:43.580373Z,Gladera,153,online
2026-09-25T22:38:49Z,2026-09-25T22:39:43.580373Z,Gladibra,30,online
2026-09-25T22:38:49Z,2026-09-25T22:39:43.580373Z,Harmonia,207,online
2026-09-25T22:38:49Z,2026-09-25T22:39:43.580373Z,Havera,289,online
2026-09-25T22:38:49Z,2026-09-25T22:39:43.580373Z,Honbra,263,online
2026-09-25T22:38:49Z,2026-09-25T22:39:43.580373Z,Hostera,18,online
2026-09-25T22:38:49Z,2026-09-25T22:39:43.580373Z,Idyllia,30,online
2026-09-25T22:38:49Z,2026-09-25T22:39:43.580373Z,Ignibra,5,online
2026-09-25T22:38:49Z,2026-09-25T22:39:43.580373Z,Ignitera,36,online
2026-09-25T22:38:49Z,2026-09-25T22:39:43.580373Z,Inabra,408,online
2026-09-25T22:38:49Z,2026-09-25T22:39:43.580373Z,Issobra,169,online
2026-09-25T22:38:49Z,2026-09-25T22:39:43.580373Z,Jadebra,282,online
2026-09-25T22:38:49Z,2026-09-25T22:39:43.580373Z,Jinxibra,40,online
2026-09-25T22:38:49Z,2026-09-25T22:39:43.580373Z,Junera,77,online
2026-09-25T22:38:49Z,2026-09-25T22:39:43.580373Z,Kalanta,90,online
2026-09-25T22:38:49Z,2026-09-25T22:39:43.580373Z,Kalibra,276,online
2026-09-25T22:38:49Z,2026-09-25T22:39:43.580373Z,Kalimera,60,online
2026-09-25T22:38:49Z,2026-09-25T22:39:43.580373Z,Kanda,87,online
2026-09-25T22:38:49Z,2026-09-25T22:39:43.580373Z,Karmeya,154,online
2026-09-25T22:38:49Z,2026-09-25T22:39:43.580373Z,Lobera,363,online
2026-09-25T22:38:49Z,2026-09-25T22:39:43.580373Z,Luminera,222,online
2026-09-25T22:38:49Z,2026-09-25T22:39:43.580373Z,Lutabra,27,online
2026-09-25T22:38:49Z,2026-09-25T22:39:43.580373Z,Luzibra,92,online
2026-09-25T22:38:49Z,2026-09-25T22:39:43.580373Z,Maligna,49,online
2026-09-25T22:38:49Z,2026-09-25T22:39:43.580373Z,Menera,194,online
2026-09-25T22:38:49Z,2026-09-25T22:39:43.580373Z,Monstera,56,online
2026-09-25T22:38:49Z,2026-09-25T22:39:43.580373Z,Monza,207,online
2026-09-25T22:38:49Z,2026-09-25T22:39:43.580373Z,Mystera,11,online
2026-09-25T22:38:49Z,2026-09-25T22:39:43.580373Z,Nefera,355,online
2026-09-25T22:38:49Z,2026-09-25T22:39:43.580373Z,Nevia,341,online
2026-09-25T22:38:49Z,2026-09-25T22:39:43.580373Z,Noctalia,44,online
2026-09-25T22:38:49Z,2026-09-25T22:39:43.580373Z,Oceanis,27,online
2026-09-25T22:38:49Z,2026-09-25T22:39:43.580373Z,Ombra,204,online
2026-09-25T22:38:49Z,2026-09-25T22:39:43.580373Z,Opulera,68,online
2026-09-25T22:38:49Z,2026-09-25T22:39:43.580373Z,Ourobra,259,online
2026-09-25T22:38:49Z,2026-09-25T22:39:43.580373Z,Pacera,256,online
2026-09-25T22:38:49Z,2026-09-25T22:39:43.580373Z,Peloria,269,online
2026-09-25T22:38:49Z,2026-09-25T22:39:43.580373Z,Penumbra,9,online
2026-09-25T22:38:49Z,2026-09-25T22:39:43.580373Z,Premia,130,online
2026-09-25T22:38:49Z,2026-09-25T22:39:43.580373Z,Quelibra,309,online
2026-09-25T22:38:49Z,2026-09-25T22:39:43.580373Z,Quidera,227,online
2026-09-25T22:38:49Z,2026-09-25T22:39:43.580373Z,Quintera,264,online
2026-09-25T22:38:49Z,2026-09-25T22:39:43.580373Z,Rasteibra,293,online
2026-09-25T22:38:49Z,2026-09-25T22:39:43.580373Z,Refugia,244,online
2026-09-25T22:38:49Z,2026-09-25T22:39:43.580373Z,Retalia,28,online
2026-09-25T22:38:49Z,2026-09-25T22:39:43.580373Z,Secura,513,online
2026-09-25T22:38:49Z,2026-09-25T22:39:43.580373Z,Serdebra,367,online
2026-09-25T22:38:49Z,2026-09-25T22:39:43.580373Z,Sinistra,61,online
2026-09-25T22:38:49Z,2026-09-25T22:39:43.580373Z,Solidera,309,online
2026-09-25T22:38:49Z,2026-09-25T22:39:43.580373Z,Sombra,15,online
2026-09-25T22:38:49Z,2026-09-25T22:39:43.580373Z,Sonira,37,online
2026-09-25T22:38:49Z,2026-09-25T22:39:43.580373Z,Stralis,20,online
2026-09-25T22:38:49Z,2026-09-25T22:39:43.580373Z,Talera,297,online
2026-09-25T22:38:49Z,2026-09-25T22:39:43.580373Z,Tempestera,30,online
2026-09-25T22:38:49Z,2026-09-25T22:39:43.580373Z,Terribra,119,online
2026-09-25T22:38:49Z,2026-09-25T22:39:43.580373Z,Thyria,230,online
2026-09-25T22:38:49Z,2026-09-25T22:39:43.580373Z,Tornabra,176,online
2026-09-25T22:38:49Z,2026-09-25T22:39:43.580373Z,Unebra,188,online
2026-09-25T22:38:49Z,2026-09-25T22:39:43.580373Z,Ustebra,486,online
2026-09-25T22:38:49Z,2026-09-25T22:39:43.580373Z,Venebra,224,online
2026-09-25T22:38:49Z,2026-09-25T22:39:43.580373Z,Victoris,25,online
2026-09-25T22:38:49Z,2026-09-25T22:39:43.580373Z,Vunira,282,online
2026-09-25T22:38:49Z,2026-09-25T22:39:43.580373Z,Wickera,64,online
2026-09-25T22:38:49Z,2026-09-25T22:39:43.580373Z,Wintera,314,online
2026-09-25T22:38:49Z,2026-09-25T22:39:43.580373Z,Xybra,99,online
2026-09-25T22:38:49Z,2026-09-25T22:39:43.580373Z,Xyla,131,online
2026-09-25T22:38:49Z,2026-09-25T22:39:43.580373Z,Xymera,113,online
2026-09-25T22:38:49Z,2026-09-25T22:39:43.580373Z,Yonabra,249,online
2026-09-25T22:38:49Z,2026-09-25T22:39:43.580373Z,Yovera,265,online
2026-09-25T22:38:49Z,2026-09-25T22:39:43.580373Z,Yubra,110,online
2026-09-25T22:38:49Z,2026-09-25T22:39:43.580373Z,Zuna,7,online
2026-09-25T22:38:49Z,2026-09-25T22:39:43.580373Z,Zunera,12,online
2026-09-26T01:47:35Z,2026-09-26T01:48:11.589097Z,Aethera,51,online
2026-09-26T01:47:35Z,2026-09-26T01:48:11.589097Z,Antica,252,online
2026-09-26T01:47:35Z,2026-09-26T01:48:11.589097Z,Astera,411,online
2026-09-26T01:47:35Z,2026-09-26T01:48:11.589097Z,Belobra,414,online
2026-09-26T01:47:35Z,2026-09-26T01:48:11.589097Z,Blumera,200,online
2026-09-26T01:47:35Z,2026-09-26T01:48:11.589097Z,Bona,83,online
2026-09-26T01:47:35Z,2026-09-26T01:48:11.589097Z,Bravoria,15,online
2026-09-26T01:47:35Z,2026-09-26T01:48:11.589097Z,Calmera,257,online
2026-09-26T01:47:35Z,2026-09-26T01:48:11.589097Z,Cantabra,118,online
2026-09-26T01:47:35Z,2026-09-26T01:48:11.589097Z,Celebra,301,online
2026-09-26T01:47:35Z,2026-09-26T01:48:11.589097Z,Celesta,73,online
2026-09-26T01:47:35Z,2026-09-26T01:48:11.589097Z,Citra,20,online
2026-09-26T01:47:35Z,2026-09-26T01:48:11.589097Z,Collabra,232,online
2026-09-26T01:47:35Z,2026-09-26T01:48:11.589097Z,Descubra,277,online
2026-09-26T01:47:35Z,2026-09-26T01:48:11.589097Z,Dia,40,online
2026-09-26T01:47:35Z,2026-09-26T01:48:11.589097Z,Dracobra,88,online
2026-09-26T01:47:35Z,2026-09-26T01:48:11.589097Z,Eclipta,9,online
2026-09-26T01:47:35Z,2026-09-26T01:48:11.589097Z,Epoca,20,online
2026-09-26T01:47:35Z,2026-09-26T01:48:11.589097Z,Escura,0,offline
2026-09-26T01:47:35Z,2026-09-26T01:48:11.589097Z,Etebra,127,online
2026-09-26T01:47:35Z,2026-09-26T01:48:11.589097Z,Ferobra,356,online
2026-09-26T01:47:35Z,2026-09-26T01:48:11.589097Z,Firmera,49,online
2026-09-26T01:47:35Z,2026-09-26T01:48:11.589097Z,Floribra,179,online
2026-09-26T01:47:35Z,2026-09-26T01:48:11.589097Z,Gentebra,358,online
2026-09-26T01:47:35Z,2026-09-26T01:48:11.589097Z,Gladera,184,online
2026-09-26T01:47:35Z,2026-09-26T01:48:11.589097Z,Gladibra,27,online
2026-09-26T01:47:35Z,2026-09-26T01:48:11.589097Z,Harmonia,72,online
2026-09-26T01:47:35Z,2026-09-26T01:48:11.589097Z,Havera,305,online
2026-09-26T01:47:35Z,2026-09-26T01:48:11.589097Z,Honbra,270,online
2026-09-26T01:47:35Z,2026-09-26T01:48:11.589097Z,Hostera,37,online
2026-09-26T01:47:35Z,2026-09-26T01:48:11.589097Z,Idyllia,14,online
2026-09-26T01:47:35Z,2026-09-26T01:48:11.589097Z,Ignibra,3,online
2026-09-26T01:47:35Z,2026-09-26T01:48:11.589097Z,Ignitera,47,online
2026-09-26T01:47:35Z,2026-09-26T01:48:11.589097Z,Inabra,454,online
2026-09-26T01:47:35Z,2026-09-26T01:48:11.589097Z,Issobra,188,online
2026-09-26T01:47:35Z,2026-09-26T01:48:11.589097Z,Jadebra,250,online
2026-09-26T01:47:35Z,2026-09-26T01:48:11.589097Z,Jinxibra,48,online
2026-09-26T01:47:35Z,2026-09-26T01:48:11.589097Z,Junera,91,online
2026-09-26T01:47:35Z,2026-09-26T01:48:11.589097Z,Kalanta,32,online
2026-09-26T01:47:35Z,2026-09-26T01:48:11.589097Z,Kalibra,308,online
2026-09-26T01:47:35Z,2026-09-26T01:48:11.589097Z,Kalimera,45,online
2026-09-26T01:47:35Z,2026-09-26T01:48:11.589097Z,Kanda,33,online
2026-09-26T01:47:35Z,2026-09-26T01:48:11.589097Z,Karmeya,59,online
2026-09-26T01:47:35Z,2026-09-26T01:48:11.589097Z,Lobera,411,online
2026-09-26T01:47:35Z,2026-09-26T01:48:11.589097Z,Luminera,216,online
2026-09-26T01:47:35Z,2026-09-26T01:48:11.589097Z,Lutabra,29,online
2026-09-26T01:47:35Z,2026-09-26T01:48:11.589097Z,Luzibra,94,online
2026-09-26T01:47:35Z,2026-09-26T01:48:11.589097Z,Maligna,27,online
2026-09-26T01:47:35Z,2026-09-26T01:48:11.589097Z,Menera,203,online
2026-09-26T01:47:35Z,2026-09-26T01:48:11.589097Z,Monstera,42,online
2026-09-26T01:47:35Z,2026-09-26T01:48:11.589097Z,Monza,79,online
2026-09-26T01:47:35Z,2026-09-26T01:48:11.589097Z,Mystera,9,online
2026-09-26T01:47:35Z,2026-09-26T01:48:11.589097Z,Nefera,378,online
2026-09-26T01:47:35Z,2026-09-26T01:48:11.589097Z,Nevia,98,online
2026-09-26T01:47:35Z,2026-09-26T01:48:11.589097Z,Noctalia,19,online
2026-09-26T01:47:35Z,2026-09-26T01:48:11.589097Z,Oceanis,36,online
2026-09-26T01:47:35Z,2026-09-26T01:48:11.589097Z,Ombra,200,online
2026-09-26T01:47:35Z,2026-09-26T01:48:11.589097Z,Opulera,101,online
2026-09-26T01:47:35Z,2026-09-26T01:48:11.589097Z,Ourobra,274,online
2026-09-26T01:47:35Z,2026-09-26T01:48:11.589097Z,Pacera,312,online
2026-09-26T01:47:35Z,2026-09-26T01:48:11.589097Z,Peloria,110,online
2026-09-26T01:47:35Z,2026-09-26T01:48:11.589097Z,Penumbra,7,online
2026-09-26T01:47:35Z,2026-09-26T01:48:11.589097Z,Premia,51,online
2026-09-26T01:47:35Z,2026-09-26T01:48:11.589097Z,Quelibra,356,online
2026-09-26T01:47:35Z,2026-09-26T01:48:11.589097Z,Quidera,282,online
2026-09-26T01:47:35Z,2026-09-26T01:48:11.589097Z,Quintera,345,online
2026-09-26T01:47:35Z,2026-09-26T01:48:11.589097Z,Rasteibra,300,online
2026-09-26T01:47:35Z,2026-09-26T01:48:11.589097Z,Refugia,75,online
2026-09-26T01:47:35Z,2026-09-26T01:48:11.589097Z,Retalia,10,online
2026-09-26T01:47:35Z,2026-09-26T01:48:11.589097Z,Secura,164,online
2026-09-26T01:47:35Z,2026-09-26T01:48:11.589097Z,Serdebra,301,online
2026-09-26T01:47:35Z,2026-09-26T01:48:11.589097Z,Sinistra,21,online
2026-09-26T01:47:35Z,2026-09-26T01:48:11.589097Z,Solidera,336,online
2026-09-26T01:47:35Z,2026-09-26T01:48:11.589097Z,Sombra,18,online
2026-09-26T01:47:35Z,2026-09-26T01:48:11.589097Z,Sonira,13,online
2026-09-26T01:47:35Z,2026-09-26T01:48:11.589097Z,Stralis,20,online
2026-09-26T01:47:35Z,2026-09-26T01:48:11.589097Z,Talera,421,online
2026-09-26T01:47:35Z,2026-09-26T01:48:11.589097Z,Tempestera,41,online
2026-09-26T01:47:35Z,2026-09-26T01:48:11.589097Z,Terribra,100,online
2026-09-26T01:47:35Z,2026-09-26T01:48:11.589097Z,Thyria,102,online
2026-09-26T01:47:35Z,2026-09-26T01:48:11.589097Z,Tornabra,180,online
2026-09-26T01:47:35Z,2026-09-26T01:48:11.589097Z,Unebra,209,online
2026-09-26T01:47:35Z,2026-09-26T01:48:11.589097Z,Ustebra,580,online
2026-09-26T01:47:35Z,2026-09-26T01:48:11.589097Z,Venebra,232,online
2026-09-26T01:47:35Z,2026-09-26T01:48:11.589097Z,Victoris,28,online
2026-09-26T01:47:35Z,2026-09-26T01:48:11.589097Z,Vunira,107,online
2026-09-26T01:47:35Z,2026-09-26T01:48:11.589097Z,Wickera,106,online
2026-09-26T01:47:35Z,2026-09-26T01:48:11.589097Z,Wintera,380,online
2026-09-26T01:47:35Z,2026-09-26T01:48:11.589097Z,Xybra,104,online
2026-09-26T01:47:35Z,2026-09-26T01:48:11.589097Z,Xyla,38,online
2026-09-26T01:47:35Z,2026-09-26T01:48:11.589097Z,Xymera,113,online
2026-09-26T01:47:35Z,2026-09-26T01:48:11.589097Z,Yonabra,255,online
2026-09-26T01:47:35Z,2026-09-26T01:48:11.589097Z,Yovera,308,online
2026-09-26T01:47:35Z,2026-09-26T01:48:11.589097Z,Yubra,126,online
2026-09-26T01:47:35Z,2026-09-26T01:48:11.589097Z,Zuna,4,online
2026-09-26T01:47:35Z,2026-09-26T01:48:11.589097Z,Zunera,14,online
2026-09-26T07:55:10Z,2026-09-26T07:55:56.669749Z,Aethera,20,online
2026-09-26T07:55:10Z,2026-09-26T07:55:56.669749Z,Antica,430,online
2026-09-26T07:55:10Z,2026-09-26T07:55:56.669749Z,Astera,153,online
2026-09-26T07:55:10Z,2026-09-26T07:55:56.669749Z,Belobra,50,online
2026-09-26T07:55:10Z,2026-09-26T07:55:56.669749Z,Blumera,61,online
2026-09-26T07:55:10Z,2026-09-26T07:55:56.669749Z,Bona,232,online
2026-09-26T07:55:10Z,2026-09-26T07:55:56.669749Z,Bravoria,38,online
2026-09-26T07:55:10Z,2026-09-26T07:55:56.669749Z,Calmera,80,online
2026-09-26T07:55:10Z,2026-09-26T07:55:56.669749Z,Cantabra,11,online
2026-09-26T07:55:10Z,2026-09-26T07:55:56.669749Z,Celebra,36,online
2026-09-26T07:55:10Z,2026-09-26T07:55:56.669749Z,Celesta,189,online
2026-09-26T07:55:10Z,2026-09-26T07:55:56.669749Z,Citra,46,online
2026-09-26T07:55:10Z,2026-09-26T07:55:56.669749Z,Collabra,36,online
2026-09-26T07:55:10Z,2026-09-26T07:55:56.669749Z,Descubra,34,online
2026-09-26T07:55:10Z,2026-09-26T07:55:56.669749Z,Dia,172,online
2026-09-26T07:55:10Z,2026-09-26T07:55:56.669749Z,Dracobra,11,online
2026-09-26T07:55:10Z,2026-09-26T07:55:56.669749Z,Eclipta,14,online
2026-09-26T07:55:10Z,2026-09-26T07:55:56.669749Z,Epoca,23,online
2026-09-26T07:55:10Z,2026-09-26T07:55:56.669749Z,Escura,2,online
2026-09-26T07:55:10Z,2026-09-26T07:55:56.669749Z,Etebra,15,online
2026-09-26T07:55:10Z,2026-09-26T07:55:56.669749Z,Ferobra,63,online
2026-09-26T07:55:10Z,2026-09-26T07:55:56.669749Z,Firmera,12,online
2026-09-26T07:55:10Z,2026-09-26T07:55:56.669749Z,Floribra,25,online
2026-09-26T07:55:10Z,2026-09-26T07:55:56.669749Z,Gentebra,38,online
2026-09-26T07:55:10Z,2026-09-26T07:55:56.669749Z,Gladera,64,online
2026-09-26T07:55:10Z,2026-09-26T07:55:56.669749Z,Gladibra,7,online
2026-09-26T07:55:10Z,2026-09-26T07:55:56.669749Z,Harmonia,153,online
2026-09-26T07:55:10Z,2026-09-26T07:55:56.669749Z,Havera,103,online
2026-09-26T07:55:10Z,2026-09-26T07:55:56.669749Z,Honbra,44,online
2026-09-26T07:55:10Z,2026-09-26T07:55:56.669749Z,Hostera,21,online
2026-09-26T07:55:10Z,2026-09-26T07:55:56.669749Z,Idyllia,21,online
2026-09-26T07:55:10Z,2026-09-26T07:55:56.669749Z,Ignibra,3,online
2026-09-26T07:55:10Z,2026-09-26T07:55:56.669749Z,Ignitera,27,online
2026-09-26T07:55:10Z,2026-09-26T07:55:56.669749Z,Inabra,79,online
2026-09-26T07:55:10Z,2026-09-26T07:55:56.669749Z,Issobra,24,online
2026-09-26T07:55:10Z,2026-09-26T07:55:56.669749Z,Jadebra,37,online
2026-09-26T07:55:10Z,2026-09-26T07:55:56.669749Z,Jinxibra,4,online
2026-09-26T07:55:10Z,2026-09-26T07:55:56.669749Z,Junera,29,online
2026-09-26T07:55:10Z,2026-09-26T07:55:56.669749Z,Kalanta,90,online
2026-09-26T07:55:10Z,2026-09-26T07:55:56.669749Z,Kalibra,38,online
2026-09-26T07:55:10Z,2026-09-26T07:55:56.669749Z,Kalimera,16,online
2026-09-26T07:55:10Z,2026-09-26T07:55:56.669749Z,Kanda,80,online
2026-09-26T07:55:10Z,2026-09-26T07:55:56.669749Z,Karmeya,129,online
2026-09-26T07:55:10Z,2026-09-26T07:55:56.669749Z,Lobera,122,online
2026-09-26T07:55:10Z,2026-09-26T07:55:56.669749Z,Luminera,78,online
2026-09-26T07:55:10Z,2026-09-26T07:55:56.669749Z,Lutabra,3,online
2026-09-26T07:55:10Z,2026-09-26T07:55:56.669749Z,Luzibra,13,online
2026-09-26T07:55:10Z,2026-09-26T07:55:56.669749Z,Maligna,44,online
2026-09-26T07:55:10Z,2026-09-26T07:55:56.669749Z,Menera,65,online
2026-09-26T07:55:10Z,2026-09-26T07:55:56.669749Z,Monstera,9,online
2026-09-26T07:55:10Z,2026-09-26T07:55:56.669749Z,Monza,162,online
2026-09-26T07:55:10Z,2026-09-26T07:55:56.669749Z,Mystera,3,online
2026-09-26T07:55:10Z,2026-09-26T07:55:56.669749Z,Nefera,122,online
2026-09-26T07:55:10Z,2026-09-26T07:55:56.669749Z,Nevia,298,online
2026-09-26T07:55:10Z,2026-09-26T07:55:56.669749Z,Noctalia,43,online
2026-09-26T07:55:10Z,2026-09-26T07:55:56.669749Z,Oceanis,39,online
2026-09-26T07:55:10Z,2026-09-26T07:55:56.669749Z,Ombra,34,online
2026-09-26T07:55:10Z,2026-09-26T07:55:56.669749Z,Opulera,50,online
2026-09-26T07:55:10Z,2026-09-26T07:55:56.669749Z,Ourobra,29,online
2026-09-26T07:55:10Z,2026-09-26T07:55:56.669749Z,Pacera,95,online
2026-09-26T07:55:10Z,2026-09-26T07:55:56.669749Z,Peloria,176,online
2026-09-26T07:55:10Z,2026-09-26T07:55:56.669749Z,Penumbra,0,offline
2026-09-26T07:55:10Z,2026-09-26T07:55:56.669749Z,Premia,101,online
2026-09-26T07:55:10Z,2026-09-26T07:55:56.669749Z,Quelibra,44,online
2026-09-26T07:55:10Z,2026-09-26T07:55:56.669749Z,Quidera,86,online
2026-09-26T07:55:10Z,2026-09-26T07:55:56.669749Z,Quintera,111,online
2026-09-26T07:55:10Z,2026-09-26T07:55:56.669749Z,Rasteibra,40,online
2026-09-26T07:55:10Z,2026-09-26T07:55:56.669749Z,Refugia,209,online
2026-09-26T07:55:10Z,2026-09-26T07:55:56.669749Z,Retalia,31,online
2026-09-26T07:55:10Z,2026-09-26T07:55:56.669749Z,Secura,463,online
2026-09-26T07:55:10Z,2026-09-26T07:55:56.669749Z,Serdebra,43,online
2026-09-26T07:55:10Z,2026-09-26T07:55:56.669749Z,Sinistra,38,online
2026-09-26T07:55:10Z,2026-09-26T07:55:56.669749Z,Solidera,144,online
2026-09-26T07:55:10Z,2026-09-26T07:55:56.669749Z,Sombra,3,online
2026-09-26T07:55:10Z,2026-09-26T07:55:56.669749Z,Sonira,42,online
2026-09-26T07:55:10Z,2026-09-26T07:55:56.669749Z,Stralis,16,online
2026-09-26T07:55:10Z,2026-09-26T07:55:56.669749Z,Talera,133,online
2026-09-26T07:55:10Z,2026-09-26T07:55:56.669749Z,Tempestera,17,online
2026-09-26T07:55:10Z,2026-09-26T07:55:56.669749Z,Terribra,18,online
2026-09-26T07:55:10Z,2026-09-26T07:55:56.669749Z,Thyria,169,online
2026-09-26T07:55:10Z,2026-09-26T07:55:56.669749Z,Tornabra,14,online
2026-09-26T07:55:10Z,2026-09-26T07:55:56.669749Z,Unebra,35,online
2026-09-26T07:55:10Z,2026-09-26T07:55:56.669749Z,Ustebra,83,online
2026-09-26T07:55:10Z,2026-09-26T07:55:56.669749Z,Venebra,32,online
2026-09-26T07:55:10Z,2026-09-26T07:55:56.669749Z,Victoris,24,online
2026-09-26T07:55:10Z,2026-09-26T07:55:56.669749Z,Vunira,212,online
2026-09-26T07:55:10Z,2026-09-26T07:55:56.669749Z,Wickera,47,online
2026-09-26T07:55:10Z,2026-09-26T07:55:56.669749Z,Wintera,128,online
2026-09-26T07:55:10Z,2026-09-26T07:55:56.669749Z,Xybra,13,online
2026-09-26T07:55:10Z,2026-09-26T07:55:56.669749Z,Xyla,91,online
2026-09-26T07:55:10Z,2026-09-26T07:55:56.669749Z,Xymera,30,online
2026-09-26T07:55:10Z,2026-09-26T07:55:56.669749Z,Yonabra,32,online
2026-09-26T07:55:10Z,2026-09-26T07:55:56.669749Z,Yovera,89,online
2026-09-26T07:55:10Z,2026-09-26T07:55:56.669749Z,Yubra,22,online
2026-09-26T07:55:10Z,2026-09-26T07:55:56.669749Z,Zuna,5,online
2026-09-26T07:55:10Z,2026-09-26T07:55:56.669749Z,Zunera,3,online
2026-09-26T13:17:49Z,2026-09-26T13:18:24.763776Z,Aethera,29,online
2026-09-26T13:17:49Z,2026-09-26T13:18:24.763776Z,Antica,669,online
2026-09-26T13:17:49Z,2026-09-26T13:18:24.763776Z,Astera,262,online
2026-09-26T13:17:49Z,2026-09-26T13:18:24.763776Z,Belobra,298,online
2026-09-26T13:17:49Z,2026-09-26T13:18:24.763776Z,Blumera,93,online
2026-09-26T13:17:49Z,2026-09-26T13:18:24.763776Z,Bona,318,online
2026-09-26T13:17:49Z,2026-09-26T13:18:24.763776Z,Bravoria,41,online
2026-09-26T13:17:49Z,2026-09-26T13:18:24.763776Z,Calmera,146,online
2026-09-26T13:17:49Z,2026-09-26T13:18:24.763776Z,Cantabra,118,online
2026-09-26T13:17:49Z,2026-09-26T13:18:24.763776Z,Celebra,193,online
2026-09-26T13:17:49Z,2026-09-26T13:18:24.763776Z,Celesta,289,online
2026-09-26T13:17:49Z,2026-09-26T13:18:24.763776Z,Citra,71,online
2026-09-26T13:17:49Z,2026-09-26T13:18:24.763776Z,Collabra,192,online
2026-09-26T13:17:49Z,2026-09-26T13:18:24.763776Z,Descubra,212,online
2026-09-26T13:17:49Z,2026-09-26T13:18:24.763776Z,Dia,211,online
2026-09-26T13:17:49Z,2026-09-26T13:18:24.763776Z,Dracobra,76,online
2026-09-26T13:17:49Z,2026-09-26T13:18:24.763776Z,Eclipta,15,online
2026-09-26T13:17:49Z,2026-09-26T13:18:24.763776Z,Epoca,41,online
2026-09-26T13:17:49Z,2026-09-26T13:18:24.763776Z,Escura,1,online
2026-09-26T13:17:49Z,2026-09-26T13:18:24.763776Z,Etebra,110,online
2026-09-26T13:17:49Z,2026-09-26T13:18:24.763776Z,Ferobra,377,online
2026-09-26T13:17:49Z,2026-09-26T13:18:24.763776Z,Firmera,19,online
2026-09-26T13:17:49Z,2026-09-26T13:18:24.763776Z,Floribra,118,online
2026-09-26T13:17:49Z,2026-09-26T13:18:24.763776Z,Gentebra,263,online
2026-09-26T13:17:49Z,2026-09-26T13:18:24.763776Z,Gladera,98,online
2026-09-26T13:17:49Z,2026-09-26T13:18:24.763776Z,Gladibra,17,online
2026-09-26T13:17:49Z,2026-09-26T13:18:24.763776Z,Harmonia,219,online
2026-09-26T13:17:49Z,2026-09-26T13:18:24.763776Z,Havera,143,online
2026-09-26T13:17:49Z,2026-09-26T13:18:24.763776Z,Honbra,181,online
2026-09-26T13:17:49Z,2026-09-26T13:18:24.763776Z,Hostera,12,online
2026-09-26T13:17:49Z,2026-09-26T13:18:24.763776Z,Idyllia,22,online
2026-09-26T13:17:49Z,2026-09-26T13:18:24.763776Z,Ignibra,4,online
2026-09-26T13:17:49Z,2026-09-26T13:18:24.763776Z,Ignitera,25,online
2026-09-26T13:17:49Z,2026-09-26T13:18:24.763776Z,Inabra,317,online
2026-09-26T13:17:49Z,2026-09-26T13:18:24.763776Z,Issobra,144,online
2026-09-26T13:17:49Z,2026-09-26T13:18:24.763776Z,Jadebra,171,online
2026-09-26T13:17:49Z,2026-09-26T13:18:24.763776Z,Jinxibra,20,online
2026-09-26T13:17:49Z,2026-09-26T13:18:24.763776Z,Junera,55,online
2026-09-26T13:17:49Z,2026-09-26T13:18:24.763776Z,Kalanta,130,online
2026-09-26T13:17:49Z,2026-09-26T13:18:24.763776Z,Kalibra,235,online
2026-09-26T13:17:49Z,2026-09-26T13:18:24.763776Z,Kalimera,35,online
2026-09-26T13:17:49Z,2026-09-26T13:18:24.763776Z,Kanda,89,online
2026-09-26T13:17:49Z,2026-09-26T13:18:24.763776Z,Karmeya,197,online
2026-09-26T13:17:49Z,2026-09-26T13:18:24.763776Z,Lobera,220,online
2026-09-26T13:17:49Z,2026-09-26T13:18:24.763776Z,Luminera,116,online
2026-09-26T13:17:49Z,2026-09-26T13:18:24.763776Z,Lutabra,14,online
2026-09-26T13:17:49Z,2026-09-26T13:18:24.763776Z,Luzibra,74,online
2026-09-26T13:17:49Z,2026-09-26T13:18:24.763776Z,Maligna,39,online
2026-09-26T13:17:49Z,2026-09-26T13:18:24.763776Z,Menera,113,online
2026-09-26T13:17:49Z,2026-09-26T13:18:24.763776Z,Monstera,37,online
2026-09-26T13:17:49Z,2026-09-26T13:18:24.763776Z,Monza,242,online
2026-09-26T13:17:49Z,2026-09-26T13:18:24.763776Z,Mystera,6,online
2026-09-26T13:17:49Z,2026-09-26T13:18:24.763776Z,Nefera,216,online
2026-09-26T13:17:49Z,2026-09-26T13:18:24.763776Z,Nevia,382,online
2026-09-26T13:17:49Z,2026-09-26T13:18:24.763776Z,Noctalia,88,online
2026-09-26T13:17:49Z,2026-09-26T13:18:24.763776Z,Oceanis,57,online
2026-09-26T13:17:49Z,2026-09-26T13:18:24.763776Z,Ombra,167,online
2026-09-26T13:17:49Z,2026-09-26T13:18:24.763776Z,Opulera,26,online
2026-09-26T13:17:49Z,2026-09-26T13:18:24.763776Z,Ourobra,187,online
2026-09-26T13:17:49Z,2026-09-26T13:18:24.763776Z,Pacera,170,online
2026-09-26T13:17:49Z,2026-09-26T13:18:24.763776Z,Peloria,263,online
2026-09-26T13:17:49Z,2026-09-26T13:18:24.763776Z,Penumbra,3,online
2026-09-26T13:17:49Z,2026-09-26T13:18:24.763776Z,Premia,116,online
2026-09-26T13:17:49Z,2026-09-26T13:18:24.763776Z,Quelibra,237,online
2026-09-26T13:17:49Z,2026-09-26T13:18:24.763776Z,Quidera,147,online
2026-09-26T13:17:49Z,2026-09-26T13:18:24.763776Z,Quintera,183,online
2026-09-26T13:17:49Z,2026-09-26T13:18:24.763776Z,Rasteibra,224,online
2026-09-26T13:17:49Z,2026-09-26T13:18:24.763776Z,Refugia,313,online
2026-09-26T13:17:49Z,2026-09-26T13:18:24.763776Z,Retalia,38,online
2026-09-26T13:17:49Z,2026-09-26T13:18:24.763776Z,Secura,582,online
2026-09-26T13:17:49Z,2026-09-26T13:18:24.763776Z,Serdebra,268,online
2026-09-26T13:17:49Z,2026-09-26T13:18:24.763776Z,Sinistra,62,online
2026-09-26T13:17:49Z,2026-09-26T13:18:24.763776Z,Solidera,154,online
2026-09-26T13:17:49Z,2026-09-26T13:18:24.763776Z,Sombra,11,online
2026-09-26T13:17:49Z,2026-09-26T13:18:24.763776Z,Sonira,54,online
2026-09-26T13:17:49Z,2026-09-26T13:18:24.763776Z,Stralis,20,online
2026-09-26T13:17:49Z,2026-09-26T13:18:24.763776Z,Talera,156,online
2026-09-26T13:17:49Z,2026-09-26T13:18:24.763776Z,Tempestera,14,online
2026-09-26T13:17:49Z,2026-09-26T13:18:24.763776Z,Terribra,89,online
2026-09-26T13:17:49Z,2026-09-26T13:18:24.763776Z,Thyria,278,online
2026-09-26T13:17:49Z,2026-09-26T13:18:24.763776Z,Tornabra,133,online
2026-09-26T13:17:49Z,2026-09-26T13:18:24.763776Z,Unebra,116,online
2026-09-26T13:17:49Z,2026-09-26T13:18:24.763776Z,Ustebra,378,online
2026-09-26T13:17:49Z,2026-09-26T13:18:24.763776Z,Venebra,164,online
2026-09-26T13:17:49Z,2026-09-26T13:18:24.763776Z,Victoris,47,online
2026-09-26T13:17:49Z,2026-09-26T13:18:24.763776Z,Vunira,308,online
2026-09-26T13:17:49Z,2026-09-26T13:18:24.763776Z,Wickera,28,online
2026-09-26T13:17:49Z,2026-09-26T13:18:24.763776Z,Wintera,173,online
2026-09-26T13:17:49Z,2026-09-26T13:18:24.763776Z,Xybra,52,online
2026-09-26T13:17:49Z,2026-09-26T13:18:24.763776Z,Xyla,133,online
2026-09-26T13:17:49Z,2026-09-26T13:18:24.763776Z,Xymera,73,online
2026-09-26T13:17:49Z,2026-09-26T13:18:24.763776Z,Yonabra,196,online
2026-09-26T13:17:49Z,2026-09-26T13:18:24.763776Z,Yovera,145,online
2026-09-26T13:17:49Z,2026-09-26T13:18:24.763776Z,Yubra,99,online
2026-09-26T13:17:49Z,2026-09-26T13:18:24.763776Z,Zuna,9,online
2026-09-26T13:17:49Z,2026-09-26T13:18:24.763776Z,Zunera,12,online
2026-09-26T17:20:17Z,2026-09-26T17:20:38.645069Z,Aethera,35,online
2026-09-26T17:20:17Z,2026-09-26T17:20:38.645069Z,Antica,781,online
2026-09-26T17:20:17Z,2026-09-26T17:20:38.645069Z,Astera,301,online
2026-09-26T17:20:17Z,2026-09-26T17:20:38.645069Z,Belobra,327,online
2026-09-26T17:20:17Z,2026-09-26T17:20:38.645069Z,Blumera,161,online
2026-09-26T17:20:17Z,2026-09-26T17:20:38.645069Z,Bona,416,online
2026-09-26T17:20:17Z,2026-09-26T17:20:38.645069Z,Bravoria,73,online
2026-09-26T17:20:17Z,2026-09-26T17:20:38.645069Z,Calmera,206,online
2026-09-26T17:20:17Z,2026-09-26T17:20:38.645069Z,Cantabra,109,online
2026-09-26T17:20:17Z,2026-09-26T17:20:38.645069Z,Celebra,199,online
2026-09-26T17:20:17Z,2026-09-26T17:20:38.645069Z,Celesta,435,online
2026-09-26T17:20:17Z,2026-09-26T17:20:38.645069Z,Citra,97,online
2026-09-26T17:20:17Z,2026-09-26T17:20:38.645069Z,Collabra,194,online
2026-09-26T17:20:17Z,2026-09-26T17:20:38.645069Z,Descubra,232,online
2026-09-26T17:20:17Z,2026-09-26T17:20:38.645069Z,Dia,266,online
2026-09-26T17:20:17Z,2026-09-26T17:20:38.645069Z,Dracobra,76,online
2026-09-26T17:20:17Z,2026-09-26T17:20:38.645069Z,Eclipta,27,online
2026-09-26T17:20:17Z,2026-09-26T17:20:38.645069Z,Epoca,53,online
2026-09-26T17:20:17Z,2026-09-26T17:20:38.645069Z,Escura,4,online
2026-09-26T17:20:17Z,2026-09-26T17:20:38.645069Z,Etebra,112,online
2026-09-26T17:20:17Z,2026-09-26T17:20:38.645069Z,Ferobra,257,online
2026-09-26T17:20:17Z,2026-09-26T17:20:38.645069Z,Firmera,38,online
2026-09-26T17:20:17Z,2026-09-26T17:20:38.645069Z,Floribra,129,online
2026-09-26T17:20:17Z,2026-09-26T17:20:38.645069Z,Gentebra,292,online
2026-09-26T17:20:17Z,2026-09-26T17:20:38.645069Z,Gladera,124,online
2026-09-26T17:20:17Z,2026-09-26T17:20:38.645069Z,Gladibra,19,online
2026-09-26T17:20:17Z,2026-09-26T17:20:38.645069Z,Harmonia,277,online
2026-09-26T17:20:17Z,2026-09-26T17:20:38.645069Z,Havera,239,online
2026-09-26T17:20:17Z,2026-09-26T17:20:38.645069Z,Honbra,238,online
2026-09-26T17:20:17Z,2026-09-26T17:20:38.645069Z,Hostera,23,online
2026-09-26T17:20:17Z,2026-09-26T17:20:38.645069Z,Idyllia,44,online
2026-09-26T17:20:17Z,2026-09-26T17:20:38.645069Z,Ignibra,6,online
2026-09-26T17:20:17Z,2026-09-26T17:20:38.645069Z,Ignitera,37,online
2026-09-26T17:20:17Z,2026-09-26T17:20:38.645069Z,Inabra,342,online
2026-09-26T17:20:17Z,2026-09-26T17:20:38.645069Z,Issobra,136,online
2026-09-26T17:20:17Z,2026-09-26T17:20:38.645069Z,Jadebra,178,online
2026-09-26T17:20:17Z,2026-09-26T17:20:38.645069Z,Jinxibra,43,online
2026-09-26T17:20:17Z,2026-09-26T17:20:38.645069Z,Junera,62,online
2026-09-26T17:20:17Z,2026-09-26T17:20:38.645069Z,Kalanta,166,online
2026-09-26T17:20:17Z,2026-09-26T17:20:38.645069Z,Kalibra,190,online
2026-09-26T17:20:17Z,2026-09-26T17:20:38.645069Z,Kalimera,54,online
2026-09-26T17:20:17Z,2026-09-26T17:20:38.645069Z,Kanda,140,online
2026-09-26T17:20:17Z,2026-09-26T17:20:38.645069Z,Karmeya,267,online
2026-09-26T17:20:17Z,2026-09-26T17:20:38.645069Z,Lobera,301,online
2026-09-26T17:20:17Z,2026-09-26T17:20:38.645069Z,Luminera,184,online
2026-09-26T17:20:17Z,2026-09-26T17:20:38.645069Z,Lutabra,16,online
2026-09-26T17:20:17Z,2026-09-26T17:20:38.645069Z,Luzibra,75,online
2026-09-26T17:20:17Z,2026-09-26T17:20:38.645069Z,Maligna,55,online
2026-09-26T17:20:17Z,2026-09-26T17:20:38.645069Z,Menera,170,online
2026-09-26T17:20:17Z,2026-09-26T17:20:38.645069Z,Monstera,69,online
2026-09-26T17:20:17Z,2026-09-26T17:20:38.645069Z,Monza,379,online
2026-09-26T17:20:17Z,2026-09-26T17:20:38.645069Z,Mystera,9,online
2026-09-26T17:20:17Z,2026-09-26T17:20:38.645069Z,Nefera,299,online
2026-09-26T17:20:17Z,2026-09-26T17:20:38.645069Z,Nevia,572,online
2026-09-26T17:20:17Z,2026-09-26T17:20:38.645069Z,Noctalia,64,online
2026-09-26T17:20:17Z,2026-09-26T17:20:38.645069Z,Oceanis,29,online
2026-09-26T17:20:17Z,2026-09-26T17:20:38.645069Z,Ombra,201,online
2026-09-26T17:20:17Z,2026-09-26T17:20:38.645069Z,Opulera,50,online
2026-09-26T17:20:17Z,2026-09-26T17:20:38.645069Z,Ourobra,179,online
2026-09-26T17:20:17Z,2026-09-26T17:20:38.645069Z,Pacera,254,online
2026-09-26T17:20:17Z,2026-09-26T17:20:38.645069Z,Peloria,340,online
2026-09-26T17:20:17Z,2026-09-26T17:20:38.645069Z,Penumbra,3,online
2026-09-26T17:20:17Z,2026-09-26T17:20:38.645069Z,Premia,174,online
2026-09-26T17:20:17Z,2026-09-26T17:20:38.645069Z,Quelibra,262,online
2026-09-26T17:20:17Z,2026-09-26T17:20:38.645069Z,Quidera,196,online
2026-09-26T17:20:17Z,2026-09-26T17:20:38.645069Z,Quintera,243,online
2026-09-26T17:20:17Z,2026-09-26T17:20:38.645069Z,Rasteibra,245,online
2026-09-26T17:20:17Z,2026-09-26T17:20:38.645069Z,Refugia,333,online
2026-09-26T17:20:17Z,2026-09-26T17:20:38.645069Z,Retalia,33,online
2026-09-26T17:20:17Z,2026-09-26T17:20:38.645069Z,Secura,743,online
2026-09-26T17:20:17Z,2026-09-26T17:20:38.645069Z,Serdebra,254,online
2026-09-26T17:20:17Z,2026-09-26T17:20:38.645069Z,Sinistra,81,online
2026-09-26T17:20:17Z,2026-09-26T17:20:38.645069Z,Solidera,235,online
2026-09-26T17:20:17Z,2026-09-26T17:20:38.645069Z,Sombra,17,online
2026-09-26T17:20:17Z,2026-09-26T17:20:38.645069Z,Sonira,75,online
2026-09-26T17:20:17Z,2026-09-26T17:20:38.645069Z,Stralis,18,online
2026-09-26T17:20:17Z,2026-09-26T17:20:38.645069Z,Talera,296,online
2026-09-26T17:20:17Z,2026-09-26T17:20:38.645069Z,Tempestera,16,online
2026-09-26T17:20:17Z,2026-09-26T17:20:38.645069Z,Terribra,92,online
2026-09-26T17:20:17Z,2026-09-26T17:20:38.645069Z,Thyria,349,online
2026-09-26T17:20:17Z,2026-09-26T17:20:38.645069Z,Tornabra,137,online
2026-09-26T17:20:17Z,2026-09-26T17:20:38.645069Z,Unebra,127,online
2026-09-26T17:20:17Z,2026-09-26T17:20:38.645069Z,Ustebra,460,online
2026-09-26T17:20:17Z,2026-09-26T17:20:38.645069Z,Venebra,244,online
2026-09-26T17:20:17Z,2026-09-26T17:20:38.645069Z,Victoris,19,online
2026-09-26T17:20:17Z,2026-09-26T17:20:38.645069Z,Vunira,367,online
2026-09-26T17:20:17Z,2026-09-26T17:20:38.645069Z,Wickera,66,online
2026-09-26T17:20:17Z,2026-09-26T17:20:38.645069Z,Wintera,260,online
2026-09-26T17:20:17Z,2026-09-26T17:20:38.645069Z,Xybra,58,online
2026-09-26T17:20:17Z,2026-09-26T17:20:38.645069Z,Xyla,208,online
2026-09-26T17:20:17Z,2026-09-26T17:20:38.645069Z,Xymera,105,online
2026-09-26T17:20:17Z,2026-09-26T17:20:38.645069Z,Yonabra,209,online
2026-09-26T17:20:17Z,2026-09-26T17:20:38.645069Z,Yovera,218,online
2026-09-26T17:20:17Z,2026-09-26T17:20:38.645069Z,Yubra,97,online
2026-09-26T17:20:17Z,2026-09-26T17:20:38.645069Z,Zuna,11,online
2026-09-26T17:20:17Z,2026-09-26T17:20:38.645069Z,Zunera,11,online
2026-09-26T20:02:21Z,2026-09-26T20:03:20.693328Z,Aethera,46,online
2026-09-26T20:02:21Z,2026-09-26T20:03:20.693328Z,Antica,959,online
2026-09-26T20:02:21Z,2026-09-26T20:03:20.693328Z,Astera,329,online
2026-09-26T20:02:21Z,2026-09-26T20:03:20.693328Z,Belobra,338,online
2026-09-26T20:02:21Z,2026-09-26T20:03:20.693328Z,Blumera,173,online
2026-09-26T20:02:21Z,2026-09-26T20:03:20.693328Z,Bona,485,online
2026-09-26T20:02:21Z,2026-09-26T20:03:20.693328Z,Bravoria,79,online
2026-09-26T20:02:21Z,2026-09-26T20:03:20.693328Z,Calmera,226,online
2026-09-26T20:02:21Z,2026-09-26T20:03:20.693328Z,Cantabra,108,online
2026-09-26T20:02:21Z,2026-09-26T20:03:20.693328Z,Celebra,239,online
2026-09-26T20:02:21Z,2026-09-26T20:03:20.693328Z,Celesta,483,online
2026-09-26T20:02:21Z,2026-09-26T20:03:20.693328Z,Citra,108,online
2026-09-26T20:02:21Z,2026-09-26T20:03:20.693328Z,Collabra,194,online
2026-09-26T20:02:21Z,2026-09-26T20:03:20.693328Z,Descubra,269,online
2026-09-26T20:02:21Z,2026-09-26T20:03:20.693328Z,Dia,320,online
2026-09-26T20:02:21Z,2026-09-26T20:03:20.693328Z,Dracobra,85,online
2026-09-26T20:02:21Z,2026-09-26T20:03:20.693328Z,Eclipta,32,online
2026-09-26T20:02:21Z,2026-09-26T20:03:20.693328Z,Epoca,73,online
2026-09-26T20:02:21Z,2026-09-26T20:03:20.693328Z,Escura,5,online
2026-09-26T20:02:21Z,2026-09-26T20:03:20.693328Z,Etebra,102,online
2026-09-26T20:02:21Z,2026-09-26T20:03:20.693328Z,Ferobra,271,online
2026-09-26T20:02:21Z,2026-09-26T20:03:20.693328Z,Firmera,34,online
2026-09-26T20:02:21Z,2026-09-26T20:03:20.693328Z,Floribra,141,online
2026-09-26T20:02:21Z,2026-09-26T20:03:20.693328Z,Gentebra,293,online
2026-09-26T20:02:21Z,2026-09-26T20:03:20.693328Z,Gladera,153,online
2026-09-26T20:02:21Z,2026-09-26T20:03:20.693328Z,Gladibra,28,online
2026-09-26T20:02:21Z,2026-09-26T20:03:20.693328Z,Harmonia,360,online
2026-09-26T20:02:21Z,2026-09-26T20:03:20.693328Z,Havera,245,online
2026-09-26T20:02:21Z,2026-09-26T20:03:20.693328Z,Honbra,260,online
2026-09-26T20:02:21Z,2026-09-26T20:03:20.693328Z,Hostera,24,online
2026-09-26T20:02:21Z,2026-09-26T20:03:20.693328Z,Idyllia,52,online
2026-09-26T20:02:21Z,2026-09-26T20:03:20.693328Z,Ignibra,7,online
2026-09-26T20:02:21Z,2026-09-26T20:03:20.693328Z,Ignitera,31,online
2026-09-26T20:02:21Z,2026-09-26T20:03:20.693328Z,Inabra,371,online
2026-09-26T20:02:21Z,2026-09-26T20:03:20.693328Z,Issobra,137,online
2026-09-26T20:02:21Z,2026-09-26T20:03:20.693328Z,Jadebra,224,online
2026-09-26T20:02:21Z,2026-09-26T20:03:20.693328Z,Jinxibra,39,online
2026-09-26T20:02:21Z,2026-09-26T20:03:20.693328Z,Junera,64,online
2026-09-26T20:02:21Z,2026-09-26T20:03:20.693328Z,Kalanta,205,online
2026-09-26T20:02:21Z,2026-09-26T20:03:20.693328Z,Kalibra,254,online
2026-09-26T20:02:21Z,2026-09-26T20:03:20.693328Z,Kalimera,43,online
2026-09-26T20:02:21Z,2026-09-26T20:03:20.693328Z,Kanda,126,online
2026-09-26T20:02:21Z,2026-09-26T20:03:20.693328Z,Karmeya,263,online
2026-09-26T20:02:21Z,2026-09-26T20:03:20.693328Z,Lobera,339,online
2026-09-26T20:02:21Z,2026-09-26T20:03:20.693328Z,Luminera,211,online
2026-09-26T20:02:21Z,2026-09-26T20:03:20.693328Z,Lutabra,16,online
2026-09-26T20:02:21Z,2026-09-26T20:03:20.693328Z,Luzibra,74,online
2026-09-26T20:02:21Z,2026-09-26T20:03:20.693328Z,Maligna,73,online
2026-09-26T20:02:21Z,2026-09-26T20:03:20.693328Z,Menera,172,online
2026-09-26T20:02:21Z,2026-09-26T20:03:20.693328Z,Monstera,61,online
2026-09-26T20:02:21Z,2026-09-26T20:03:20.693328Z,Monza,407,online
2026-09-26T20:02:21Z,2026-09-26T20:03:20.693328Z,Mystera,10,online
2026-09-26T20:02:21Z,2026-09-26T20:03:20.693328Z,Nefera,325,online
2026-09-26T20:02:21Z,2026-09-26T20:03:20.693328Z,Nevia,652,online
2026-09-26T20:02:21Z,2026-09-26T20:03:20.693328Z,Noctalia,61,online
2026-09-26T20:02:21Z,2026-09-26T20:03:20.693328Z,Oceanis,27,online
2026-09-26T20:02:21Z,2026-09-26T20:03:20.693328Z,Ombra,159,online
2026-09-26T20:02:21Z,2026-09-26T20:03:20.693328Z,Opulera,73,online
2026-09-26T20:02:21Z,2026-09-26T20:03:20.693328Z,Ourobra,250,online
2026-09-26T20:02:21Z,2026-09-26T20:03:20.693328Z,Pacera,279,online
2026-09-26T20:02:21Z,2026-09-26T20:03:20.693328Z,Peloria,412,online
2026-09-26T20:02:21Z,2026-09-26T20:03:20.693328Z,Penumbra,6,online
2026-09-26T20:02:21Z,2026-09-26T20:03:20.693328Z,Premia,200,online
2026-09-26T20:02:21Z,2026-09-26T20:03:20.693328Z,Quelibra,255,online
2026-09-26T20:02:21Z,2026-09-26T20:03:20.693328Z,Quidera,231,online
2026-09-26T20:02:21Z,2026-09-26T20:03:20.693328Z,Quintera,199,online
2026-09-26T20:02:21Z,2026-09-26T20:03:20.693328Z,Rasteibra,263,online
2026-09-26T20:02:21Z,2026-09-26T20:03:20.693328Z,Refugia,408,online
2026-09-26T20:02:21Z,2026-09-26T20:03:20.693328Z,Retalia,45,online
2026-09-26T20:02:21Z,2026-09-26T20:03:20.693328Z,Secura,896,online
2026-09-26T20:02:21Z,2026-09-26T20:03:20.693328Z,Serdebra,305,online
2026-09-26T20:02:21Z,2026-09-26T20:03:20.693328Z,Sinistra,92,online
2026-09-26T20:02:21Z,2026-09-26T20:03:20.693328Z,Solidera,262,online
2026-09-26T20:02:21Z,2026-09-26T20:03:20.693328Z,Sombra,12,online
2026-09-26T20:02:21Z,2026-09-26T20:03:20.693328Z,Sonira,90,online
2026-09-26T20:02:21Z,2026-09-26T20:03:20.693328Z,Stralis,13,online
2026-09-26T20:02:21Z,2026-09-26T20:03:20.693328Z,Talera,325,online
2026-09-26T20:02:21Z,2026-09-26T20:03:20.693328Z,Tempestera,28,online
2026-09-26T20:02:21Z,2026-09-26T20:03:20.693328Z,Terribra,105,online
2026-09-26T20:02:21Z,2026-09-26T20:03:20.693328Z,Thyria,371,online
2026-09-26T20:02:21Z,2026-09-26T20:03:20.693328Z,Tornabra,159,online
2026-09-26T20:02:21Z,2026-09-26T20:03:20.693328Z,Unebra,153,online
2026-09-26T20:02:21Z,2026-09-26T20:03:20.693328Z,Ustebra,449,online
2026-09-26T20:02:21Z,2026-09-26T20:03:20.693328Z,Venebra,197,online
2026-09-26T20:02:21Z,2026-09-26T20:03:20.693328Z,Victoris,20,online
2026-09-26T20:02:21Z,2026-09-26T20:03:20.693328Z,Vunira,450,online
2026-09-26T20:02:21Z,2026-09-26T20:03:20.693328Z,Wickera,59,online
2026-09-26T20:02:21Z,2026-09-26T20:03:20.693328Z,Wintera,288,online
2026-09-26T20:02:21Z,2026-09-26T20:03:20.693328Z,Xybra,68,online
2026-09-26T20:02:21Z,2026-09-26T20:03:20.693328Z,Xyla,241,online
2026-09-26T20:02:21Z,2026-09-26T20:03:20.693328Z,Xymera,108,online
2026-09-26T20:02:21Z,2026-09-26T20:03:20.693328Z,Yonabra,217,online
2026-09-26T20:02:21Z,2026-09-26T20:03:20.693328Z,Yovera,262,online
2026-09-26T20:02:21Z,2026-09-26T20:03:20.693328Z,Yubra,102,online
2026-09-26T20:02:21Z,2026-09-26T20:03:20.693328Z,Zuna,6,online
2026-09-26T20:02:21Z,2026-09-26T20:03:20.693328Z,Zunera,13,online
2026-09-26T23:03:47Z,2026-09-26T23:04:11.544104Z,Aethera,48,online
2026-09-26T23:03:47Z,2026-09-26T23:04:11.544104Z,Antica,638,online
2026-09-26T23:03:47Z,2026-09-26T23:04:11.544104Z,Astera,371,online
2026-09-26T23:03:47Z,2026-09-26T23:04:11.544104Z,Belobra,351,online
2026-09-26T23:03:47Z,2026-09-26T23:04:11.544104Z,Blumera,172,online
2026-09-26T23:03:47Z,2026-09-26T23:04:11.544104Z,Bona,239,online
2026-09-26T23:03:47Z,2026-09-26T23:04:11.544104Z,Bravoria,42,online
2026-09-26T23:03:47Z,2026-09-26T23:04:11.544104Z,Calmera,216,online
2026-09-26T23:03:47Z,2026-09-26T23:04:11.544104Z,Cantabra,117,online
2026-09-26T23:03:47Z,2026-09-26T23:04:11.544104Z,Celebra,237,online
2026-09-26T23:03:47Z,2026-09-26T23:04:11.544104Z,Celesta,225,online
2026-09-26T23:03:47Z,2026-09-26T23:04:11.544104Z,Citra,49,online
2026-09-26T23:03:47Z,2026-09-26T23:04:11.544104Z,Collabra,191,online
2026-09-26T23:03:47Z,2026-09-26T23:04:11.544104Z,Descubra,288,online
2026-09-26T23:03:47Z,2026-09-26T23:04:11.544104Z,Dia,145,online
2026-09-26T23:03:47Z,2026-09-26T23:04:11.544104Z,Dracobra,97,online
2026-09-26T23:03:47Z,2026-09-26T23:04:11.544104Z,Eclipta,11,online
2026-09-26T23:03:47Z,2026-09-26T23:04:11.544104Z,Epoca,45,online
2026-09-26T23:03:47Z,2026-09-26T23:04:11.544104Z,Escura,1,online
2026-09-26T23:03:47Z,2026-09-26T23:04:11.544104Z,Etebra,100,online
2026-09-26T23:03:47Z,2026-09-26T23:04:11.544104Z,Ferobra,326,online
2026-09-26T23:03:47Z,2026-09-26T23:04:11.544104Z,Firmera,37,online
2026-09-26T23:03:47Z,2026-09-26T23:04:11.544104Z,Floribra,162,online
2026-09-26T23:03:47Z,2026-09-26T23:04:11.544104Z,Gentebra,288,online
2026-09-26T23:03:47Z,2026-09-26T23:04:11.544104Z,Gladera,161,online
2026-09-26T23:03:47Z,2026-09-26T23:04:11.544104Z,Gladibra,23,online
2026-09-26T23:03:47Z,2026-09-26T23:04:11.544104Z,Harmonia,172,online
2026-09-26T23:03:47Z,2026-09-26T23:04:11.544104Z,Havera,268,online
2026-09-26T23:03:47Z,2026-09-26T23:04:11.544104Z,Honbra,243,online
2026-09-26T23:03:47Z,2026-09-26T23:04:11.544104Z,Hostera,37,online
2026-09-26T23:03:47Z,2026-09-26T23:04:11.544104Z,Idyllia,28,online
2026-09-26T23:03:47Z,2026-09-26T23:04:11.544104Z,Ignibra,7,online
2026-09-26T23:03:47Z,2026-09-26T23:04:11.544104Z,Ignitera,33,online
2026-09-26T23:03:47Z,2026-09-26T23:04:11.544104Z,Inabra,382,online
2026-09-26T23:03:47Z,2026-09-26T23:04:11.544104Z,Issobra,150,online
2026-09-26T23:03:47Z,2026-09-26T23:04:11.544104Z,Jadebra,215,online
2026-09-26T23:03:47Z,2026-09-26T23:04:11.544104Z,Jinxibra,40,online
2026-09-26T23:03:47Z,2026-09-26T23:04:11.544104Z,Junera,83,online
2026-09-26T23:03:47Z,2026-09-26T23:04:11.544104Z,Kalanta,90,online
2026-09-26T23:03:47Z,2026-09-26T23:04:11.544104Z,Kalibra,235,online
2026-09-26T23:03:47Z,2026-09-26T23:04:11.544104Z,Kalimera,52,online
2026-09-26T23:03:47Z,2026-09-26T23:04:11.544104Z,Kanda,70,online
2026-09-26T23:03:47Z,2026-09-26T23:04:11.544104Z,Karmeya,143,online
2026-09-26T23:03:47Z,2026-09-26T23:04:11.544104Z,Lobera,325,online
2026-09-26T23:03:47Z,2026-09-26T23:04:11.544104Z,Luminera,231,online
2026-09-26T23:03:47Z,2026-09-26T23:04:11.544104Z,Lutabra,18,online
2026-09-26T23:03:47Z,2026-09-26T23:04:11.544104Z,Luzibra,77,online
2026-09-26T23:03:47Z,2026-09-26T23:04:11.544104Z,Maligna,43,online
2026-09-26T23:03:47Z,2026-09-26T23:04:11.544104Z,Menera,181,online
2026-09-26T23:03:47Z,2026-09-26T23:04:11.544104Z,Monstera,56,online
2026-09-26T23:03:47Z,2026-09-26T23:04:11.544104Z,Monza,211,online
2026-09-26T23:03:47Z,2026-09-26T23:04:11.544104Z,Mystera,7,online
2026-09-26T23:03:47Z,2026-09-26T23:04:11.544104Z,Nefera,363,online
2026-09-26T23:03:47Z,2026-09-26T23:04:11.544104Z,Nevia,320,online
2026-09-26T23:03:47Z,2026-09-26T23:04:11.544104Z,Noctalia,61,online
2026-09-26T23:03:47Z,2026-09-26T23:04:11.544104Z,Oceanis,36,online
2026-09-26T23:03:47Z,2026-09-26T23:04:11.544104Z,Ombra,177,online
2026-09-26T23:03:47Z,2026-09-26T23:04:11.544104Z,Opulera,86,online
2026-09-26T23:03:47Z,2026-09-26T23:04:11.544104Z,Ourobra,261,online
2026-09-26T23:03:47Z,2026-09-26T23:04:11.544104Z,Pacera,350,online
2026-09-26T23:03:47Z,2026-09-26T23:04:11.544104Z,Peloria,250,online
2026-09-26T23:03:47Z,2026-09-26T23:04:11.544104Z,Penumbra,8,online
2026-09-26T23:03:47Z,2026-09-26T23:04:11.544104Z,Premia,137,online
2026-09-26T23:03:47Z,2026-09-26T23:04:11.544104Z,Quelibra,277,online
2026-09-26T23:03:47Z,2026-09-26T23:04:11.544104Z,Quidera,235,online
2026-09-26T23:03:47Z,2026-09-26T23:04:11.544104Z,Quintera,279,online
2026-09-26T23:03:47Z,2026-09-26T23:04:11.544104Z,Rasteibra,234,online
2026-09-26T23:03:47Z,2026-09-26T23:04:11.544104Z,Refugia,202,online
2026-09-26T23:03:47Z,2026-09-26T23:04:11.544104Z,Retalia,29,online
2026-09-26T23:03:47Z,2026-09-26T23:04:11.544104Z,Secura,412,online
2026-09-26T23:03:47Z,2026-09-26T23:04:11.544104Z,Serdebra,312,online
2026-09-26T23:03:47Z,2026-09-26T23:04:11.544104Z,Sinistra,70,online
2026-09-26T23:03:47Z,2026-09-26T23:04:11.544104Z,Solidera,282,online
2026-09-26T23:03:47Z,2026-09-26T23:04:11.544104Z,Sombra,16,online
2026-09-26T23:03:47Z,2026-09-26T23:04:11.544104Z,Sonira,37,online
2026-09-26T23:03:47Z,2026-09-26T23:04:11.544104Z,Stralis,12,online
2026-09-26T23:03:47Z,2026-09-26T23:04:11.544104Z,Talera,308,online
2026-09-26T23:03:47Z,2026-09-26T23:04:11.544104Z,Tempestera,35,online
2026-09-26T23:03:47Z,2026-09-26T23:04:11.544104Z,Terribra,105,online
2026-09-26T23:03:47Z,2026-09-26T23:04:11.544104Z,Thyria,187,online
2026-09-26T23:03:47Z,2026-09-26T23:04:11.544104Z,Tornabra,163,online
2026-09-26T23:03:47Z,2026-09-26T23:04:11.544104Z,Unebra,165,online
2026-09-26T23:03:47Z,2026-09-26T23:04:11.544104Z,Ustebra,512,online
2026-09-26T23:03:47Z,2026-09-26T23:04:11.544104Z,Venebra,196,online
2026-09-26T23:03:47Z,2026-09-26T23:04:11.544104Z,Victoris,26,online
2026-09-26T23:03:47Z,2026-09-26T23:04:11.544104Z,Vunira,232,online
2026-09-26T23:03:47Z,2026-09-26T23:04:11.544104Z,Wickera,67,online
2026-09-26T23:03:47Z,2026-09-26T23:04:11.544104Z,Wintera,283,online
2026-09-26T23:03:47Z,2026-09-26T23:04:11.544104Z,Xybra,67,online
2026-09-26T23:03:47Z,2026-09-26T23:04:11.544104Z,Xyla,119,online
2026-09-26T23:03:47Z,2026-09-26T23:04:11.544104Z,Xymera,105,online
2026-09-26T23:03:47Z,2026-09-26T23:04:11.544104Z,Yonabra,208,online
2026-09-26T23:03:47Z,2026-09-26T23:04:11.544104Z,Yovera,276,online
2026-09-26T23:03:47Z,2026-09-26T23:04:11.544104Z,Yubra,129,online
2026-09-26T23:03:47Z,2026-09-26T23:04:11.544104Z,Zuna,10,online
2026-09-26T23:03:47Z,2026-09-26T23:04:11.544104Z,Zunera,6,online
2026-09-27T01:37:56Z,2026-09-27T01:38:49.404075Z,Aethera,44,online
2026-09-27T01:37:56Z,2026-09-27T01:38:49.404075Z,Antica,275,online
2026-09-27T01:37:56Z,2026-09-27T01:38:49.404075Z,Astera,420,online
2026-09-27T01:37:56Z,2026-09-27T01:38:49.404075Z,Belobra,343,online
2026-09-27T01:37:56Z,2026-09-27T01:38:49.404075Z,Blumera,195,online
2026-09-27T01:37:56Z,2026-09-27T01:38:49.404075Z,Bona,112,online
2026-09-27T01:37:56Z,2026-09-27T01:38:49.404075Z,Bravoria,19,online
2026-09-27T01:37:56Z,2026-09-27T01:38:49.404075Z,Calmera,246,online
2026-09-27T01:37:56Z,2026-09-27T01:38:49.404075Z,Cantabra,123,online
2026-09-27T01:37:56Z,2026-09-27T01:38:49.404075Z,Celebra,266,online
2026-09-27T01:37:56Z,2026-09-27T01:38:49.404075Z,Celesta,83,online
2026-09-27T01:37:56Z,2026-09-27T01:38:49.404075Z,Citra,26,online
2026-09-27T01:37:56Z,2026-09-27T01:38:49.404075Z,Collabra,192,online
2026-09-27T01:37:56Z,2026-09-27T01:38:49.404075Z,Descubra,256,online
2026-09-27T01:37:56Z,2026-09-27T01:38:49.404075Z,Dia,37,online
2026-09-27T01:37:56Z,2026-09-27T01:38:49.404075Z,Dracobra,72,online
2026-09-27T01:37:56Z,2026-09-27T01:38:49.404075Z,Eclipta,5,online
2026-09-27T01:37:56Z,2026-09-27T01:38:49.404075Z,Epoca,16,online
2026-09-27T01:37:56Z,2026-09-27T01:38:49.404075Z,Escura,1,online
2026-09-27T01:37:56Z,2026-09-27T01:38:49.404075Z,Etebra,108,online
2026-09-27T01:37:56Z,2026-09-27T01:38:49.404075Z,Ferobra,305,online
2026-09-27T01:37:56Z,2026-09-27T01:38:49.404075Z,Firmera,53,online
2026-09-27T01:37:56Z,2026-09-27T01:38:49.404075Z,Floribra,174,online
2026-09-27T01:37:56Z,2026-09-27T01:38:49.404075Z,Gentebra,286,online
2026-09-27T01:37:56Z,2026-09-27T01:38:49.404075Z,Gladera,171,online
2026-09-27T01:37:56Z,2026-09-27T01:38:49.404075Z,Gladibra,30,online
2026-09-27T01:37:56Z,2026-09-27T01:38:49.404075Z,Harmonia,59,online
2026-09-27T01:37:56Z,2026-09-27T01:38:49.404075Z,Havera,299,online
2026-09-27T01:37:56Z,2026-09-27T01:38:49.404075Z,Honbra,248,online
2026-09-27T01:37:56Z,2026-09-27T01:38:49.404075Z,Hostera,38,online
2026-09-27T01:37:56Z,2026-09-27T01:38:49.404075Z,Idyllia,16,online
2026-09-27T01:37:56Z,2026-09-27T01:38:49.404075Z,Ignibra,6,online
2026-09-27T01:37:56Z,2026-09-27T01:38:49.404075Z,Ignitera,30,online
2026-09-27T01:37:56Z,2026-09-27T01:38:49.404075Z,Inabra,376,online
2026-09-27T01:37:56Z,2026-09-27T01:38:49.404075Z,Issobra,146,online
2026-09-27T01:37:56Z,2026-09-27T01:38:49.404075Z,Jadebra,237,online
2026-09-27T01:37:56Z,2026-09-27T01:38:49.404075Z,Jinxibra,44,online
2026-09-27T01:37:56Z,2026-09-27T01:38:49.404075Z,Junera,81,online
2026-09-27T01:37:56Z,2026-09-27T01:38:49.404075Z,Kalanta,39,online
2026-09-27T01:37:56Z,2026-09-27T01:38:49.404075Z,Kalibra,270,online
2026-09-27T01:37:56Z,2026-09-27T01:38:49.404075Z,Kalimera,37,online
2026-09-27T01:37:56Z,2026-09-27T01:38:49.404075Z,Kanda,24,online
2026-09-27T01:37:56Z,2026-09-27T01:38:49.404075Z,Karmeya,64,online
2026-09-27T01:37:56Z,2026-09-27T01:38:49.404075Z,Lobera,392,online
2026-09-27T01:37:56Z,2026-09-27T01:38:49.404075Z,Luminera,224,online
2026-09-27T01:37:56Z,2026-09-27T01:38:49.404075Z,Lutabra,23,online
2026-09-27T01:37:56Z,2026-09-27T01:38:49.404075Z,Luzibra,86,online
2026-09-27T01:37:56Z,2026-09-27T01:38:49.404075Z,Maligna,14,online
2026-09-27T01:37:56Z,2026-09-27T01:38:49.404075Z,Menera,205,online
2026-09-27T01:37:56Z,2026-09-27T01:38:49.404075Z,Monstera,39,online
2026-09-27T01:37:56Z,2026-09-27T01:38:49.404075Z,Monza,78,online
2026-09-27T01:37:56Z,2026-09-27T01:38:49.404075Z,Mystera,6,online
2026-09-27T01:37:56Z,2026-09-27T01:38:49.404075Z,Nefera,412,online
2026-09-27T01:37:56Z,2026-09-27T01:38:49.404075Z,Nevia,123,online
2026-09-27T01:37:56Z,2026-09-27T01:38:49.404075Z,Noctalia,20,online
2026-09-27T01:37:56Z,2026-09-27T01:38:49.404075Z,Oceanis,46,online
2026-09-27T01:37:56Z,2026-09-27T01:38:49.404075Z,Ombra,187,online
2026-09-27T01:37:56Z,2026-09-27T01:38:49.404075Z,Opulera,70,online
2026-09-27T01:37:56Z,2026-09-27T01:38:49.404075Z,Ourobra,271,online
2026-09-27T01:37:56Z,2026-09-27T01:38:49.404075Z,Pacera,319,online
2026-09-27T01:37:56Z,2026-09-27T01:38:49.404075Z,Peloria,101,online
2026-09-27T01:37:56Z,2026-09-27T01:38:49.404075Z,Penumbra,2,online
2026-09-27T01:37:56Z,2026-09-27T01:38:49.404075Z,Premia,48,online
2026-09-27T01:37:56Z,2026-09-27T01:38:49.404075Z,Quelibra,307,online
2026-09-27T01:37:56Z,2026-09-27T01:38:49.404075Z,Quidera,286,online
2026-09-27T01:37:56Z,2026-09-27T01:38:49.404075Z,Quintera,227,online
2026-09-27T01:37:56Z,2026-09-27T01:38:49.404075Z,Rasteibra,232,online
2026-09-27T01:37:56Z,2026-09-27T01:38:49.404075Z,Refugia,95,online
2026-09-27T01:37:56Z,2026-09-27T01:38:49.404075Z,Retalia,1,online
2026-09-27T01:37:56Z,2026-09-27T01:38:49.404075Z,Secura,170,online
2026-09-27T01:37:56Z,2026-09-27T01:38:49.404075Z,Serdebra,302,online
2026-09-27T01:37:56Z,2026-09-27T01:38:49.404075Z,Sinistra,13,online
2026-09-27T01:37:56Z,2026-09-27T01:38:49.404075Z,Solidera,304,online
2026-09-27T01:37:56Z,2026-09-27T01:38:49.404075Z,Sombra,20,online
2026-09-27T01:37:56Z,2026-09-27T01:38:49.404075Z,Sonira,18,online
2026-09-27T01:37:56Z,2026-09-27T01:38:49.404075Z,Stralis,23,online
2026-09-27T01:37:56Z,2026-09-27T01:38:49.404075Z,Talera,393,online
2026-09-27T01:37:56Z,2026-09-27T01:38:49.404075Z,Tempestera,41,online
2026-09-27T01:37:56Z,2026-09-27T01:38:49.404075Z,Terribra,87,online
2026-09-27T01:37:56Z,2026-09-27T01:38:49.404075Z,Thyria,107,online
2026-09-27T01:37:56Z,2026-09-27T01:38:49.404075Z,Tornabra,180,online
2026-09-27T01:37:56Z,2026-09-27T01:38:49.404075Z,Unebra,166,online
2026-09-27T01:37:56Z,2026-09-27T01:38:49.404075Z,Ustebra,532,online
2026-09-27T01:37:56Z,2026-09-27T01:38:49.404075Z,Venebra,202,online
2026-09-27T01:37:56Z,2026-09-27T01:38:49.404075Z,Victoris,34,online
2026-09-27T01:37:56Z,2026-09-27T01:38:49.404075Z,Vunira,110,online
2026-09-27T01:37:56Z,2026-09-27T01:38:49.404075Z,Wickera,92,online
2026-09-27T01:37:56Z,2026-09-27T01:38:49.404075Z,Wintera,340,online
2026-09-27T01:37:56Z,2026-09-27T01:38:49.404075Z,Xybra,87,online
2026-09-27T01:37:56Z,2026-09-27T01:38:49.404075Z,Xyla,34,online
2026-09-27T01:37:56Z,2026-09-27T01:38:49.404075Z,Xymera,101,online
2026-09-27T01:37:56Z,2026-09-27T01:38:49.404075Z,Yonabra,207,online
2026-09-27T01:37:56Z,2026-09-27T01:38:49.404075Z,Yovera,291,online
2026-09-27T01:37:56Z,2026-09-27T01:38:49.404075Z,Yubra,115,online
2026-09-27T01:37:56Z,2026-09-27T01:38:49.404075Z,Zuna,8,online
2026-09-27T01:37:56Z,2026-09-27T01:38:49.404075Z,Zunera,11,online
2026-09-27T08:26:31Z,2026-09-27T08:27:29.265204Z,Aethera,21,online
2026-09-27T08:26:31Z,2026-09-27T08:27:29.265204Z,Antica,536,online
2026-09-27T08:26:31Z,2026-09-27T08:27:29.265204Z,Astera,133,online
2026-09-27T08:26:31Z,2026-09-27T08:27:29.265204Z,Belobra,66,online
2026-09-27T08:26:31Z,2026-09-27T08:27:29.265204Z,Blumera,60,online
2026-09-27T08:26:31Z,2026-09-27T08:27:29.265204Z,Bona,332,online
2026-09-27T08:26:31Z,2026-09-27T08:27:29.265204Z,Bravoria,41,online
2026-09-27T08:26:31Z,2026-09-27T08:27:29.265204Z,Calmera,60,online
2026-09-27T08:26:31Z,2026-09-27T08:27:29.265204Z,Cantabra,17,online
2026-09-27T08:26:31Z,2026-09-27T08:27:29.265204Z,Celebra,26,online
2026-09-27T08:26:31Z,2026-09-27T08:27:29.265204Z,Celesta,301,online
2026-09-27T08:26:31Z,2026-09-27T08:27:29.265204Z,Citra,51,online
2026-09-27T08:26:31Z,2026-09-27T08:27:29.265204Z,Collabra,38,online
2026-09-27T08:26:31Z,2026-09-27T08:27:29.265204Z,Descubra,31,online
2026-09-27T08:26:31Z,2026-09-27T08:27:29.265204Z,Dia,209,online
2026-09-27T08:26:31Z,2026-09-27T08:27:29.265204Z,Dracobra,19,online
2026-09-27T08:26:31Z,2026-09-27T08:27:29.265204Z,Eclipta,21,online
2026-09-27T08:26:31Z,2026-09-27T08:27:29.265204Z,Epoca,45,online
2026-09-27T08:26:31Z,2026-09-27T08:27:29.265204Z,Escura,3,online
2026-09-27T08:26:31Z,2026-09-27T08:27:29.265204Z,Etebra,12,online
2026-09-27T08:26:31Z,2026-09-27T08:27:29.265204Z,Ferobra,61,online
2026-09-27T08:26:31Z,2026-09-27T08:27:29.265204Z,Firmera,12,online
2026-09-27T08:26:31Z,2026-09-27T08:27:29.265204Z,Floribra,16,online
2026-09-27T08:26:31Z,2026-09-27T08:27:29.265204Z,Gentebra,47,online
2026-09-27T08:26:31Z,2026-09-27T08:27:29.265204Z,Gladera,42,online
2026-09-27T08:26:31Z,2026-09-27T08:27:29.265204Z,Gladibra,4,online
2026-09-27T08:26:31Z,2026-09-27T08:27:29.265204Z,Harmonia,222,online
2026-09-27T08:26:31Z,2026-09-27T08:27:29.265204Z,Havera,85,online
2026-09-27T08:26:31Z,2026-09-27T08:27:29.265204Z,Honbra,41,online
2026-09-27T08:26:31Z,2026-09-27T08:27:29.265204Z,Hostera,12,online
2026-09-27T08:26:31Z,2026-09-27T08:27:29.265204Z,Idyllia,25,online
2026-09-27T08:26:31Z,2026-09-27T08:27:29.265204Z,Ignibra,2,online
2026-09-27T08:26:31Z,2026-09-27T08:27:29.265204Z,Ignitera,15,online
2026-09-27T08:26:31Z,2026-09-27T08:27:29.265204Z,Inabra,80,online
2026-09-27T08:26:31Z,2026-09-27T08:27:29.265204Z,Issobra,11,online
2026-09-27T08:26:31Z,2026-09-27T08:27:29.265204Z,Jadebra,33,online
2026-09-27T08:26:31Z,2026-09-27T08:27:29.265204Z,Jinxibra,7,online
2026-09-27T08:26:31Z,2026-09-27T08:27:29.265204Z,Junera,20,online
2026-09-27T08:26:31Z,2026-09-27T08:27:29.265204Z,Kalanta,126,online
2026-09-27T08:26:31Z,2026-09-27T08:27:29.265204Z,Kalibra,37,online
2026-09-27T08:26:31Z,2026-09-27T08:27:29.265204Z,Kalimera,14,online
2026-09-27T08:26:31Z,2026-09-27T08:27:29.265204Z,Kanda,94,online
2026-09-27T08:26:31Z,2026-09-27T08:27:29.265204Z,Karmeya,201,online
2026-09-27T08:26:31Z,2026-09-27T08:27:29.265204Z,Lobera,113,online
2026-09-27T08:26:31Z,2026-09-27T08:27:29.265204Z,Luminera,67,online
2026-09-27T08:26:31Z,2026-09-27T08:27:29.265204Z,Lutabra,4,online
2026-09-27T08:26:31Z,2026-09-27T08:27:29.265204Z,Luzibra,16,online
2026-09-27T08:26:31Z,2026-09-27T08:27:29.265204Z,Maligna,48,online
2026-09-27T08:26:31Z,2026-09-27T08:27:29.265204Z,Menera,53,online
2026-09-27T08:26:31Z,2026-09-27T08:27:29.265204Z,Monstera,13,online
2026-09-27T08:26:31Z,2026-09-27T08:27:29.265204Z,Monza,228,online
2026-09-27T08:26:31Z,2026-09-27T08:27:29.265204Z,Mystera,1,online
2026-09-27T08:26:31Z,2026-09-27T08:27:29.265204Z,Nefera,96,online
2026-09-27T08:26:31Z,2026-09-27T08:27:29.265204Z,Nevia,419,online
2026-09-27T08:26:31Z,2026-09-27T08:27:29.265204Z,Noctalia,57,online
2026-09-27T08:26:31Z,2026-09-27T08:27:29.265204Z,Oceanis,45,online
2026-09-27T08:26:31Z,2026-09-27T08:27:29.265204Z,Ombra,41,online
2026-09-27T08:26:31Z,2026-09-27T08:27:29.265204Z,Opulera,29,online
2026-09-27T08:26:31Z,2026-09-27T08:27:29.265204Z,Ourobra,34,online
2026-09-27T08:26:31Z,2026-09-27T08:27:29.265204Z,Pacera,93,online
2026-09-27T08:26:31Z,2026-09-27T08:27:29.265204Z,Peloria,252,online
2026-09-27T08:26:31Z,2026-09-27T08:27:29.265204Z,Penumbra,2,online
2026-09-27T08:26:31Z,2026-09-27T08:27:29.265204Z,Premia,113,online
2026-09-27T08:26:31Z,2026-09-27T08:27:29.265204Z,Quelibra,56,online
2026-09-27T08:26:31Z,2026-09-27T08:27:29.265204Z,Quidera,62,online
2026-09-27T08:26:31Z,2026-09-27T08:27:29.265204Z,Quintera,66,online
2026-09-27T08:26:31Z,2026-09-27T08:27:29.265204Z,Rasteibra,49,online
2026-09-27T08:26:31Z,2026-09-27T08:27:29.265204Z,Refugia,287,online
2026-09-27T08:26:31Z,2026-09-27T08:27:29.265204Z,Retalia,33,online
2026-09-27T08:26:31Z,2026-09-27T08:27:29.265204Z,Secura,595,online
2026-09-27T08:26:31Z,2026-09-27T08:27:29.265204Z,Serdebra,59,online
2026-09-27T08:26:31Z,2026-09-27T08:27:29.265204Z,Sinistra,55,online
2026-09-27T08:26:31Z,2026-09-27T08:27:29.265204Z,Solidera,112,online
2026-09-27T08:26:31Z,2026-09-27T08:27:29.265204Z,Sombra,2,online
2026-09-27T08:26:31Z,2026-09-27T08:27:29.265204Z,Sonira,54,online
2026-09-27T08:26:31Z,2026-09-27T08:27:29.265204Z,Stralis,20,online
2026-09-27T08:26:31Z,2026-09-27T08:27:29.265204Z,Talera,97,online
2026-09-27T08:26:31Z,2026-09-27T08:27:29.265204Z,Tempestera,4,online
2026-09-27T08:26:31Z,2026-09-27T08:27:29.265204Z,Terribra,14,online
2026-09-27T08:26:31Z,2026-09-27T08:27:29.265204Z,Thyria,284,online
2026-09-27T08:26:31Z,2026-09-27T08:27:29.265204Z,Tornabra,20,online
2026-09-27T08:26:31Z,2026-09-27T08:27:29.265204Z,Unebra,31,online
2026-09-27T08:26:31Z,2026-09-27T08:27:29.265204Z,Ustebra,73,online
2026-09-27T08:26:31Z,2026-09-27T08:27:29.265204Z,Venebra,37,online
2026-09-27T08:26:31Z,2026-09-27T08:27:29.265204Z,Victoris,43,online
2026-09-27T08:26:31Z,2026-09-27T08:27:29.265204Z,Vunira,280,online
2026-09-27T08:26:31Z,2026-09-27T08:27:29.265204Z,Wickera,30,online
2026-09-27T08:26:31Z,2026-09-27T08:27:29.265204Z,Wintera,106,online
2026-09-27T08:26:31Z,2026-09-27T08:27:29.265204Z,Xybra,15,online
2026-09-27T08:26:31Z,2026-09-27T08:27:29.265204Z,Xyla,126,online
2026-09-27T08:26:31Z,2026-09-27T08:27:29.265204Z,Xymera,32,online
2026-09-27T08:26:31Z,2026-09-27T08:27:29.265204Z,Yonabra,32,online
2026-09-27T08:26:31Z,2026-09-27T08:27:29.265204Z,Yovera,79,online
2026-09-27T08:26:31Z,2026-09-27T08:27:29.265204Z,Yubra,13,online
2026-09-27T08:26:31Z,2026-09-27T08:27:29.265204Z,Zuna,9,online
2026-09-27T08:26:31Z,2026-09-27T08:27:29.265204Z,Zunera,3,online
2026-09-27T14:12:39Z,2026-09-27T14:13:38.594179Z,Aethera,21,online
2026-09-27T14:12:39Z,2026-09-27T14:13:38.594179Z,Antica,754,online
2026-09-27T14:12:39Z,2026-09-27T14:13:38.594179Z,Astera,326,online
2026-09-27T14:12:39Z,2026-09-27T14:13:38.594179Z,Belobra,322,online
2026-09-27T14:12:39Z,2026-09-27T14:13:38.594179Z,Blumera,114,online
2026-09-27T14:12:39Z,2026-09-27T14:13:38.594179Z,Bona,351,online
2026-09-27T14:12:39Z,2026-09-27T14:13:38.594179Z,Bravoria,63,online
2026-09-27T14:12:39Z,2026-09-27T14:13:38.594179Z,Calmera,178,online
2026-09-27T14:12:39Z,2026-09-27T14:13:38.594179Z,Cantabra,97,online
2026-09-27T14:12:39Z,2026-09-27T14:13:38.594179Z,Celebra,231,online
2026-09-27T14:12:39Z,2026-09-27T14:13:38.594179Z,Celesta,331,online
2026-09-27T14:12:39Z,2026-09-27T14:13:38.594179Z,Citra,74,online
2026-09-27T14:12:39Z,2026-09-27T14:13:38.594179Z,Collabra,207,online
2026-09-27T14:12:39Z,2026-09-27T14:13:38.594179Z,Descubra,246,online
2026-09-27T14:12:39Z,2026-09-27T14:13:38.594179Z,Dia,257,online
2026-09-27T14:12:39Z,2026-09-27T14:13:38.594179Z,Dracobra,69,online
2026-09-27T14:12:39Z,2026-09-27T14:13:38.594179Z,Eclipta,19,online
2026-09-27T14:12:39Z,2026-09-27T14:13:38.594179Z,Epoca,56,online
2026-09-27T14:12:39Z,2026-09-27T14:13:38.594179Z,Escura,2,online
2026-09-27T14:12:39Z,2026-09-27T14:13:38.594179Z,Etebra,134,online
2026-09-27T14:12:39Z,2026-09-27T14:13:38.594179Z,Ferobra,301,online
2026-09-27T14:12:39Z,2026-09-27T14:13:38.594179Z,Firmera,35,online
2026-09-27T14:12:39Z,2026-09-27T14:13:38.594179Z,Floribra,125,online
2026-09-27T14:12:39Z,2026-09-27T14:13:38.594179Z,Gentebra,325,online
2026-09-27T14:12:39Z,2026-09-27T14:13:38.594179Z,Gladera,122,online
2026-09-27T14:12:39Z,2026-09-27T14:13:38.594179Z,Gladibra,17,online
2026-09-27T14:12:39Z,2026-09-27T14:13:38.594179Z,Harmonia,259,online
2026-09-27T14:12:39Z,2026-09-27T14:13:38.594179Z,Havera,181,online
2026-09-27T14:12:39Z,2026-09-27T14:13:38.594179Z,Honbra,227,online
2026-09-27T14:12:39Z,2026-09-27T14:13:38.594179Z,Hostera,11,online
2026-09-27T14:12:39Z,2026-09-27T14:13:38.594179Z,Idyllia,28,online
2026-09-27T14:12:39Z,2026-09-27T14:13:38.594179Z,Ignibra,5,online
2026-09-27T14:12:39Z,2026-09-27T14:13:38.594179Z,Ignitera,34,online
2026-09-27T14:12:39Z,2026-09-27T14:13:38.594179Z,Inabra,349,online
2026-09-27T14:12:39Z,2026-09-27T14:13:38.594179Z,Issobra,144,online
2026-09-27T14:12:39Z,2026-09-27T14:13:38.594179Z,Jadebra,207,online
2026-09-27T14:12:39Z,2026-09-27T14:13:38.594179Z,Jinxibra,38,online
2026-09-27T14:12:39Z,2026-09-27T14:13:38.594179Z,Junera,43,online
2026-09-27T14:12:39Z,2026-09-27T14:13:38.594179Z,Kalanta,155,online
2026-09-27T14:12:39Z,2026-09-27T14:13:38.594179Z,Kalibra,238,online
2026-09-27T14:12:39Z,2026-09-27T14:13:38.594179Z,Kalimera,34,online
2026-09-27T14:12:39Z,2026-09-27T14:13:38.594179Z,Kanda,103,online
2026-09-27T14:12:39Z,2026-09-27T14:13:38.594179Z,Karmeya,246,online
2026-09-27T14:12:39Z,2026-09-27T14:13:38.594179Z,Lobera,255,online
2026-09-27T14:12:39Z,2026-09-27T14:13:38.594179Z,Luminera,144,online
2026-09-27T14:12:39Z,2026-09-27T14:13:38.594179Z,Lutabra,20,online
2026-09-27T14:12:39Z,2026-09-27T14:13:38.594179Z,Luzibra,66,online
2026-09-27T14:12:39Z,2026-09-27T14:13:38.594179Z,Maligna,43,online
2026-09-27T14:12:39Z,2026-09-27T14:13:38.594179Z,Menera,150,online
2026-09-27T14:12:39Z,2026-09-27T14:13:38.594179Z,Monstera,35,online
2026-09-27T14:12:39Z,2026-09-27T14:13:38.594179Z,Monza,296,online
2026-09-27T14:12:39Z,2026-09-27T14:13:38.594179Z,Mystera,5,online
2026-09-27T14:12:39Z,2026-09-27T14:13:38.594179Z,Nefera,257,online
2026-09-27T14:12:39Z,2026-09-27T14:13:38.594179Z,Nevia,469,online
2026-09-27T14:12:39Z,2026-09-27T14:13:38.594179Z,Noctalia,59,online
2026-09-27T14:12:39Z,2026-09-27T14:13:38.594179Z,Oceanis,57,online
2026-09-27T14:12:39Z,2026-09-27T14:13:38.594179Z,Ombra,191,online
2026-09-27T14:12:39Z,2026-09-27T14:13:38.594179Z,Opulera,45,online
2026-09-27T14:12:39Z,2026-09-27T14:13:38.594179Z,Ourobra,212,online
2026-09-27T14:12:39Z,2026-09-27T14:13:38.594179Z,Pacera,220,online
2026-09-27T14:12:39Z,2026-09-27T14:13:38.594179Z,Peloria,302,online
2026-09-27T14:12:39Z,2026-09-27T14:13:38.594179Z,Penumbra,7,online
2026-09-27T14:12:39Z,2026-09-27T14:13:38.594179Z,Premia,141,online
2026-09-27T14:12:39Z,2026-09-27T14:13:38.594179Z,Quelibra,265,online
2026-09-27T14:12:39Z,2026-09-27T14:13:38.594179Z,Quidera,150,online
2026-09-27T14:12:39Z,2026-09-27T14:13:38.594179Z,Quintera,184,online
2026-09-27T14:12:39Z,2026-09-27T14:13:38.594179Z,Rasteibra,202,online
2026-09-27T14:12:39Z,2026-09-27T14:13:38.594179Z,Refugia,311,online
2026-09-27T14:12:39Z,2026-09-27T14:13:38.594179Z,Retalia,33,online
2026-09-27T14:12:39Z,2026-09-27T14:13:38.594179Z,Secura,738,online
2026-09-27T14:12:39Z,2026-09-27T14:13:38.594179Z,Serdebra,302,online
2026-09-27T14:12:39Z,2026-09-27T14:13:38.594179Z,Sinistra,61,online
2026-09-27T14:12:39Z,2026-09-27T14:13:38.594179Z,Solidera,177,online
2026-09-27T14:12:39Z,2026-09-27T14:13:38.594179Z,Sombra,15,online
2026-09-27T14:12:39Z,2026-09-27T14:13:38.594179Z,Sonira,84,online
2026-09-27T14:12:39Z,2026-09-27T14:13:38.594179Z,Stralis,25,online
2026-09-27T14:12:39Z,2026-09-27T14:13:38.594179Z,Talera,205,online
2026-09-27T14:12:39Z,2026-09-27T14:13:38.594179Z,Tempestera,13,online
2026-09-27T14:12:39Z,2026-09-27T14:13:38.594179Z,Terribra,110,online
2026-09-27T14:12:39Z,2026-09-27T14:13:38.594179Z,Thyria,302,online
2026-09-27T14:12:39Z,2026-09-27T14:13:38.594179Z,Tornabra,144,online
2026-09-27T14:12:39Z,2026-09-27T14:13:38.594179Z,Unebra,145,online
2026-09-27T14:12:39Z,2026-09-27T14:13:38.594179Z,Ustebra,419,online
2026-09-27T14:12:39Z,2026-09-27T14:13:38.594179Z,Venebra,199,online
2026-09-27T14:12:39Z,2026-09-27T14:13:38.594179Z,Victoris,42,online
2026-09-27T14:12:39Z,2026-09-27T14:13:38.594179Z,Vunira,361,online
2026-09-27T14:12:39Z,2026-09-27T14:13:38.594179Z,Wickera,40,online
2026-09-27T14:12:39Z,2026-09-27T14:13:38.594179Z,Wintera,228,online
2026-09-27T14:12:39Z,2026-09-27T14:13:38.594179Z,Xybra,58,online
2026-09-27T14:12:39Z,2026-09-27T14:13:38.594179Z,Xyla,172,online
2026-09-27T14:12:39Z,2026-09-27T14:13:38.594179Z,Xymera,71,online
2026-09-27T14:12:39Z,2026-09-27T14:13:38.594179Z,Yonabra,213,online
2026-09-27T14:12:39Z,2026-09-27T14:13:38.594179Z,Yovera,197,online
2026-09-27T14:12:39Z,2026-09-27T14:13:38.594179Z,Yubra,127,online
2026-09-27T14:12:39Z,2026-09-27T14:13:38.594179Z,Zuna,7,online
2026-09-27T14:12:39Z,2026-09-27T14:13:38.594179Z,Zunera,11,online
2026-09-27T18:34:44Z,2026-09-27T18:35:22.056013Z,Aethera,34,online
2026-09-27T18:34:44Z,2026-09-27T18:35:22.056013Z,Antica,1072,online
2026-09-27T18:34:44Z,2026-09-27T18:35:22.056013Z,Astera,352,online
2026-09-27T18:34:44Z,2026-09-27T18:35:22.056013Z,Belobra,339,online
2026-09-27T18:34:44Z,2026-09-27T18:35:22.056013Z,Blumera,170,online
2026-09-27T18:34:44Z,2026-09-27T18:35:22.056013Z,Bona,587,online
2026-09-27T18:34:44Z,2026-09-27T18:35:22.056013Z,Bravoria,99,online
2026-09-27T18:34:44Z,2026-09-27T18:35:22.056013Z,Calmera,224,online
2026-09-27T18:34:44Z,2026-09-27T18:35:22.056013Z,Cantabra,109,online
2026-09-27T18:34:44Z,2026-09-27T18:35:22.056013Z,Celebra,300,online
2026-09-27T18:34:44Z,2026-09-27T18:35:22.056013Z,Celesta,562,online
2026-09-27T18:34:44Z,2026-09-27T18:35:22.056013Z,Citra,106,online
2026-09-27T18:34:44Z,2026-09-27T18:35:22.056013Z,Collabra,223,online
2026-09-27T18:34:44Z,2026-09-27T18:35:22.056013Z,Descubra,294,online
2026-09-27T18:34:44Z,2026-09-27T18:35:22.056013Z,Dia,384,online
2026-09-27T18:34:44Z,2026-09-27T18:35:22.056013Z,Dracobra,86,online
2026-09-27T18:34:44Z,2026-09-27T18:35:22.056013Z,Eclipta,34,online
2026-09-27T18:34:44Z,2026-09-27T18:35:22.056013Z,Epoca,83,online
2026-09-27T18:34:44Z,2026-09-27T18:35:22.056013Z,Escura,5,online
2026-09-27T18:34:44Z,2026-09-27T18:35:22.056013Z,Etebra,106,online
2026-09-27T18:34:44Z,2026-09-27T18:35:22.056013Z,Ferobra,329,online
2026-09-27T18:34:44Z,2026-09-27T18:35:22.056013Z,Firmera,37,online
2026-09-27T18:34:44Z,2026-09-27T18:35:22.056013Z,Floribra,138,online
2026-09-27T18:34:44Z,2026-09-27T18:35:22.056013Z,Gentebra,279,online
2026-09-27T18:34:44Z,2026-09-27T18:35:22.056013Z,Gladera,143,online
2026-09-27T18:34:44Z,2026-09-27T18:35:22.056013Z,Gladibra,23,online
2026-09-27T18:34:44Z,2026-09-27T18:35:22.056013Z,Harmonia,443,online
2026-09-27T18:34:44Z,2026-09-27T18:35:22.056013Z,Havera,312,online
2026-09-27T18:34:44Z,2026-09-27T18:35:22.056013Z,Honbra,233,online
2026-09-27T18:34:44Z,2026-09-27T18:35:22.056013Z,Hostera,30,online
2026-09-27T18:34:44Z,2026-09-27T18:35:22.056013Z,Idyllia,50,online
2026-09-27T18:34:44Z,2026-09-27T18:35:22.056013Z,Ignibra,4,online
2026-09-27T18:34:44Z,2026-09-27T18:35:22.056013Z,Ignitera,38,online
2026-09-27T18:34:44Z,2026-09-27T18:35:22.056013Z,Inabra,352,online
2026-09-27T18:34:44Z,2026-09-27T18:35:22.056013Z,Issobra,162,online
2026-09-27T18:34:44Z,2026-09-27T18:35:22.056013Z,Jadebra,257,online
2026-09-27T18:34:44Z,2026-09-27T18:35:22.056013Z,Jinxibra,48,online
2026-09-27T18:34:44Z,2026-09-27T18:35:22.056013Z,Junera,71,online
2026-09-27T18:34:44Z,2026-09-27T18:35:22.056013Z,Kalanta,254,online
2026-09-27T18:34:44Z,2026-09-27T18:35:22.056013Z,Kalibra,290,online
2026-09-27T18:34:44Z,2026-09-27T18:35:22.056013Z,Kalimera,54,online
2026-09-27T18:34:44Z,2026-09-27T18:35:22.056013Z,Kanda,197,online
2026-09-27T18:34:44Z,2026-09-27T18:35:22.056013Z,Karmeya,363,online
2026-09-27T18:34:44Z,2026-09-27T18:35:22.056013Z,Lobera,351,online
2026-09-27T18:34:44Z,2026-09-27T18:35:22.056013Z,Luminera,221,online
2026-09-27T18:34:44Z,2026-09-27T18:35:22.056013Z,Lutabra,18,online
2026-09-27T18:34:44Z,2026-09-27T18:35:22.056013Z,Luzibra,70,online
2026-09-27T18:34:44Z,2026-09-27T18:35:22.056013Z,Maligna,74,online
2026-09-27T18:34:44Z,2026-09-27T18:35:22.056013Z,Menera,191,online
2026-09-27T18:34:44Z,2026-09-27T18:35:22.056013Z,Monstera,70,online
2026-09-27T18:34:44Z,2026-09-27T18:35:22.056013Z,Monza,467,online
2026-09-27T18:34:44Z,2026-09-27T18:35:22.056013Z,Mystera,8,online
2026-09-27T18:34:44Z,2026-09-27T18:35:22.056013Z,Nefera,349,online
2026-09-27T18:34:44Z,2026-09-27T18:35:22.056013Z,Nevia,754,online
2026-09-27T18:34:44Z,2026-09-27T18:35:22.056013Z,Noctalia,103,online
2026-09-27T18:34:44Z,2026-09-27T18:35:22.056013Z,Oceanis,24,online
2026-09-27T18:34:44Z,2026-09-27T18:35:22.056013Z,Ombra,190,online
2026-09-27T18:34:44Z,2026-09-27T18:35:22.056013Z,Opulera,94,online
2026-09-27T18:34:44Z,2026-09-27T18:35:22.056013Z,Ourobra,267,online
2026-09-27T18:34:44Z,2026-09-27T18:35:22.056013Z,Pacera,327,online
2026-09-27T18:34:44Z,2026-09-27T18:35:22.056013Z,Peloria,451,online
2026-09-27T18:34:44Z,2026-09-27T18:35:22.056013Z,Penumbra,7,online
2026-09-27T18:34:44Z,2026-09-27T18:35:22.056013Z,Premia,239,online
2026-09-27T18:34:44Z,2026-09-27T18:35:22.056013Z,Quelibra,303,online
2026-09-27T18:34:44Z,2026-09-27T18:35:22.056013Z,Quidera,250,online
2026-09-27T18:34:44Z,2026-09-27T18:35:22.056013Z,Quintera,242,online
2026-09-27T18:34:44Z,2026-09-27T18:35:22.056013Z,Rasteibra,240,online
2026-09-27T18:34:44Z,2026-09-27T18:35:22.056013Z,Refugia,528,online
2026-09-27T18:34:44Z,2026-09-27T18:35:22.056013Z,Retalia,49,online
2026-09-27T18:34:44Z,2026-09-27T18:35:22.056013Z,Secura,1068,online
2026-09-27T18:34:44Z,2026-09-27T18:35:22.056013Z,Serdebra,292,online
2026-09-27T18:34:44Z,2026-09-27T18:35:22.056013Z,Sinistra,105,online
2026-09-27T18:34:44Z,2026-09-27T18:35:22.056013Z,Solidera,322,online
2026-09-27T18:34:44Z,2026-09-27T18:35:22.056013Z,Sombra,17,online
2026-09-27T18:34:44Z,2026-09-27T18:35:22.056013Z,Sonira,95,online
2026-09-27T18:34:44Z,2026-09-27T18:35:22.056013Z,Stralis,11,online
2026-09-27T18:34:44Z,2026-09-27T18:35:22.056013Z,Talera,353,online
2026-09-27T18:34:44Z,2026-09-27T18:35:22.056013Z,Tempestera,32,online
2026-09-27T18:34:44Z,2026-09-27T18:35:22.056013Z,Terribra,96,online
2026-09-27T18:34:44Z,2026-09-27T18:35:22.056013Z,Thyria,465,online
2026-09-27T18:34:44Z,2026-09-27T18:35:22.056013Z,Tornabra,160,online
2026-09-27T18:34:44Z,2026-09-27T18:35:22.056013Z,Unebra,155,online
2026-09-27T18:34:44Z,2026-09-27T18:35:22.056013Z,Ustebra,511,online
2026-09-27T18:34:44Z,2026-09-27T18:35:22.056013Z,Venebra,219,online
2026-09-27T18:34:44Z,2026-09-27T18:35:22.056013Z,Victoris,18,online
2026-09-27T18:34:44Z,2026-09-27T18:35:22.056013Z,Vunira,549,online
2026-09-27T18:34:44Z,2026-09-27T18:35:22.056013Z,Wickera,60,online
2026-09-27T18:34:44Z,2026-09-27T18:35:22.056013Z,Wintera,314,online
2026-09-27T18:34:44Z,2026-09-27T18:35:22.056013Z,Xybra,63,online
2026-09-27T18:34:44Z,2026-09-27T18:35:22.056013Z,Xyla,298,online
2026-09-27T18:34:44Z,2026-09-27T18:35:22.056013Z,Xymera,109,online
2026-09-27T18:34:44Z,2026-09-27T18:35:22.056013Z,Yonabra,233,online
2026-09-27T18:34:44Z,2026-09-27T18:35:22.056013Z,Yovera,286,online
2026-09-27T18:34:44Z,2026-09-27T18:35:22.056013Z,Yubra,86,online
2026-09-27T18:34:44Z,2026-09-27T18:35:22.056013Z,Zuna,13,online
2026-09-27T18:34:44Z,2026-09-27T18:35:22.056013Z,Zunera,10,online
2026-09-27T22:27:03Z,2026-09-27T22:27:31.725272Z,Aethera,57,online
2026-09-27T22:27:03Z,2026-09-27T22:27:31.725272Z,Antica,514,online
2026-09-27T22:27:03Z,2026-09-27T22:27:31.725272Z,Astera,421,online
2026-09-27T22:27:03Z,2026-09-27T22:27:31.725272Z,Belobra,406,online
2026-09-27T22:27:03Z,2026-09-27T22:27:31.725272Z,Blumera,196,online
2026-09-27T22:27:03Z,2026-09-27T22:27:31.725272Z,Bona,222,online
2026-09-27T22:27:03Z,2026-09-27T22:27:31.725272Z,Bravoria,42,online
2026-09-27T22:27:03Z,2026-09-27T22:27:31.725272Z,Calmera,215,online
2026-09-27T22:27:03Z,2026-09-27T22:27:31.725272Z,Cantabra,137,online
2026-09-27T22:27:03Z,2026-09-27T22:27:31.725272Z,Celebra,302,online
2026-09-27T22:27:03Z,2026-09-27T22:27:31.725272Z,Celesta,203,online
2026-09-27T22:27:03Z,2026-09-27T22:27:31.725272Z,Citra,54,online
2026-09-27T22:27:03Z,2026-09-27T22:27:31.725272Z,Collabra,251,online
2026-09-27T22:27:03Z,2026-09-27T22:27:31.725272Z,Descubra,361,online
2026-09-27T22:27:03Z,2026-09-27T22:27:31.725272Z,Dia,153,online
2026-09-27T22:27:03Z,2026-09-27T22:27:31.725272Z,Dracobra,103,online
2026-09-27T22:27:03Z,2026-09-27T22:27:31.725272Z,Eclipta,12,online
2026-09-27T22:27:03Z,2026-09-27T22:27:31.725272Z,Epoca,31,online
2026-09-27T22:27:03Z,2026-09-27T22:27:31.725272Z,Escura,3,online
2026-09-27T22:27:03Z,2026-09-27T22:27:31.725272Z,Etebra,120,online
2026-09-27T22:27:03Z,2026-09-27T22:27:31.725272Z,Ferobra,396,online
2026-09-27T22:27:03Z,2026-09-27T22:27:31.725272Z,Firmera,38,online
2026-09-27T22:27:03Z,2026-09-27T22:27:31.725272Z,Floribra,194,online
2026-09-27T22:27:03Z,2026-09-27T22:27:31.725272Z,Gentebra,424,online
2026-09-27T22:27:03Z,2026-09-27T22:27:31.725272Z,Gladera,140,online
2026-09-27T22:27:03Z,2026-09-27T22:27:31.725272Z,Gladibra,40,online
2026-09-27T22:27:03Z,2026-09-27T22:27:31.725272Z,Harmonia,165,online
2026-09-27T22:27:03Z,2026-09-27T22:27:31.725272Z,Havera,325,online
2026-09-27T22:27:03Z,2026-09-27T22:27:31.725272Z,Honbra,298,online
2026-09-27T22:27:03Z,2026-09-27T22:27:31.725272Z,Hostera,38,online
2026-09-27T22:27:03Z,2026-09-27T22:27:31.725272Z,Idyllia,14,online
2026-09-27T22:27:03Z,2026-09-27T22:27:31.725272Z,Ignibra,6,online
2026-09-27T22:27:03Z,2026-09-27T22:27:31.725272Z,Ignitera,50,online
2026-09-27T22:27:03Z,2026-09-27T22:27:31.725272Z,Inabra,460,online
2026-09-27T22:27:03Z,2026-09-27T22:27:31.725272Z,Issobra,180,online
2026-09-27T22:27:03Z,2026-09-27T22:27:31.725272Z,Jadebra,269,online
2026-09-27T22:27:03Z,2026-09-27T22:27:31.725272Z,Jinxibra,42,online
2026-09-27T22:27:03Z,2026-09-27T22:27:31.725272Z,Junera,97,online
2026-09-27T22:27:03Z,2026-09-27T22:27:31.725272Z,Kalanta,90,online
2026-09-27T22:27:03Z,2026-09-27T22:27:31.725272Z,Kalibra,327,online
2026-09-27T22:27:03Z,2026-09-27T22:27:31.725272Z,Kalimera,39,online
2026-09-27T22:27:03Z,2026-09-27T22:27:31.725272Z,Kanda,65,online
2026-09-27T22:27:03Z,2026-09-27T22:27:31.725272Z,Karmeya,138,online
2026-09-27T22:27:03Z,2026-09-27T22:27:31.725272Z,Lobera,383,online
2026-09-27T22:27:03Z,2026-09-27T22:27:31.725272Z,Luminera,268,online
2026-09-27T22:27:03Z,2026-09-27T22:27:31.725272Z,Lutabra,28,online
2026-09-27T22:27:03Z,2026-09-27T22:27:31.725272Z,Luzibra,87,online
2026-09-27T22:27:03Z,2026-09-27T22:27:31.725272Z,Maligna,54,online
2026-09-27T22:27:03Z,2026-09-27T22:27:31.725272Z,Menera,216,online
2026-09-27T22:27:03Z,2026-09-27T22:27:31.725272Z,Monstera,54,online
2026-09-27T22:27:03Z,2026-09-27T22:27:31.725272Z,Monza,169,online
2026-09-27T22:27:03Z,2026-09-27T22:27:31.725272Z,Mystera,11,online
2026-09-27T22:27:03Z,2026-09-27T22:27:31.725272Z,Nefera,358,online
2026-09-27T22:27:03Z,2026-09-27T22:27:31.725272Z,Nevia,292,online
2026-09-27T22:27:03Z,2026-09-27T22:27:31.725272Z,Noctalia,46,online
2026-09-27T22:27:03Z,2026-09-27T22:27:31.725272Z,Oceanis,20,online
2026-09-27T22:27:03Z,2026-09-27T22:27:31.725272Z,Ombra,252,online
2026-09-27T22:27:03Z,2026-09-27T22:27:31.725272Z,Opulera,82,online
2026-09-27T22:27:03Z,2026-09-27T22:27:31.725272Z,Ourobra,290,online
2026-09-27T22:27:03Z,2026-09-27T22:27:31.725272Z,Pacera,315,online
2026-09-27T22:27:03Z,2026-09-27T22:27:31.725272Z,Peloria,237,online
2026-09-27T22:27:03Z,2026-09-27T22:27:31.725272Z,Penumbra,10,online
2026-09-27T22:27:03Z,2026-09-27T22:27:31.725272Z,Premia,104,online
2026-09-27T22:27:03Z,2026-09-27T22:27:31.725272Z,Quelibra,301,online
2026-09-27T22:27:03Z,2026-09-27T22:27:31.725272Z,Quidera,237,online
2026-09-27T22:27:03Z,2026-09-27T22:27:31.725272Z,Quintera,313,online
2026-09-27T22:27:03Z,2026-09-27T22:27:31.725272Z,Rasteibra,343,online
2026-09-27T22:27:03Z,2026-09-27T22:27:31.725272Z,Refugia,191,online
2026-09-27T22:27:03Z,2026-09-27T22:27:31.725272Z,Retalia,19,online
2026-09-27T22:27:03Z,2026-09-27T22:27:31.725272Z,Secura,393,online
2026-09-27T22:27:03Z,2026-09-27T22:27:31.725272Z,Serdebra,388,online
2026-09-27T22:27:03Z,2026-09-27T22:27:31.725272Z,Sinistra,53,online
2026-09-27T22:27:03Z,2026-09-27T22:27:31.725272Z,Solidera,324,online
2026-09-27T22:27:03Z,2026-09-27T22:27:31.725272Z,Sombra,20,online
2026-09-27T22:27:03Z,2026-09-27T22:27:31.725272Z,Sonira,34,online
2026-09-27T22:27:03Z,2026-09-27T22:27:31.725272Z,Stralis,13,online
2026-09-27T22:27:03Z,2026-09-27T22:27:31.725272Z,Talera,348,online
2026-09-27T22:27:03Z,2026-09-27T22:27:31.725272Z,Tempestera,43,online
2026-09-27T22:27:03Z,2026-09-27T22:27:31.725272Z,Terribra,110,online
2026-09-27T22:27:03Z,2026-09-27T22:27:31.725272Z,Thyria,175,online
2026-09-27T22:27:03Z,2026-09-27T22:27:31.725272Z,Tornabra,187,online
2026-09-27T22:27:03Z,2026-09-27T22:27:31.725272Z,Unebra,195,online
2026-09-27T22:27:03Z,2026-09-27T22:27:31.725272Z,Ustebra,563,online
2026-09-27T22:27:03Z,2026-09-27T22:27:31.725272Z,Venebra,237,online
2026-09-27T22:27:03Z,2026-09-27T22:27:31.725272Z,Victoris,20,online
2026-09-27T22:27:03Z,2026-09-27T22:27:31.725272Z,Vunira,243,online
2026-09-27T22:27:03Z,2026-09-27T22:27:31.725272Z,Wickera,69,online
2026-09-27T22:27:03Z,2026-09-27T22:27:31.725272Z,Wintera,327,online
2026-09-27T22:27:03Z,2026-09-27T22:27:31.725272Z,Xybra,85,online
2026-09-27T22:27:03Z,2026-09-27T22:27:31.725272Z,Xyla,114,online
2026-09-27T22:27:03Z,2026-09-27T22:27:31.725272Z,Xymera,108,online
2026-09-27T22:27:03Z,2026-09-27T22:27:31.725272Z,Yonabra,238,online
2026-09-27T22:27:03Z,2026-09-27T22:27:31.725272Z,Yovera,311,online
2026-09-27T22:27:03Z,2026-09-27T22:27:31.725272Z,Yubra,126,online
2026-09-27T22:27:03Z,2026-09-27T22:27:31.725272Z,Zuna,4,online
2026-09-27T22:27:03Z,2026-09-27T22:27:31.725272Z,Zunera,15,online
2026-09-28T01:04:23Z,2026-09-28T01:04:40.675125Z,Aethera,80,online
2026-09-28T01:04:23Z,2026-09-28T01:04:40.675125Z,Antica,223,online
2026-09-28T01:04:23Z,2026-09-28T01:04:40.675125Z,Astera,427,online
2026-09-28T01:04:23Z,2026-09-28T01:04:40.675125Z,Belobra,427,online
2026-09-28T01:04:23Z,2026-09-28T01:04:40.675125Z,Blumera,198,online
2026-09-28T01:04:23Z,2026-09-28T01:04:40.675125Z,Bona,105,online
2026-09-28T01:04:23Z,2026-09-28T01:04:40.675125Z,Bravoria,17,online
2026-09-28T01:04:23Z,2026-09-28T01:04:40.675125Z,Calmera,255,online
2026-09-28T01:04:23Z,2026-09-28T01:04:40.675125Z,Cantabra,122,online
2026-09-28T01:04:23Z,2026-09-28T01:04:40.675125Z,Celebra,319,online
2026-09-28T01:04:23Z,2026-09-28T01:04:40.675125Z,Celesta,91,online
2026-09-28T01:04:23Z,2026-09-28T01:04:40.675125Z,Citra,32,online
2026-09-28T01:04:23Z,2026-09-28T01:04:40.675125Z,Collabra,261,online
2026-09-28T01:04:23Z,2026-09-28T01:04:40.675125Z,Descubra,344,online
2026-09-28T01:04:23Z,2026-09-28T01:04:40.675125Z,Dia,33,online
2026-09-28T01:04:23Z,2026-09-28T01:04:40.675125Z,Dracobra,115,online
2026-09-28T01:04:23Z,2026-09-28T01:04:40.675125Z,Eclipta,9,online
2026-09-28T01:04:23Z,2026-09-28T01:04:40.675125Z,Epoca,24,online
2026-09-28T01:04:23Z,2026-09-28T01:04:40.675125Z,Escura,0,offline
2026-09-28T01:04:23Z,2026-09-28T01:04:40.675125Z,Etebra,131,online
2026-09-28T01:04:23Z,2026-09-28T01:04:40.675125Z,Ferobra,414,online
2026-09-28T01:04:23Z,2026-09-28T01:04:40.675125Z,Firmera,42,online
2026-09-28T01:04:23Z,2026-09-28T01:04:40.675125Z,Floribra,210,online
2026-09-28T01:04:23Z,2026-09-28T01:04:40.675125Z,Gentebra,370,online
2026-09-28T01:04:23Z,2026-09-28T01:04:40.675125Z,Gladera,194,online
2026-09-28T01:04:23Z,2026-09-28T01:04:40.675125Z,Gladibra,41,online
2026-09-28T01:04:23Z,2026-09-28T01:04:40.675125Z,Harmonia,67,online
2026-09-28T01:04:23Z,2026-09-28T01:04:40.675125Z,Havera,344,online
2026-09-28T01:04:23Z,2026-09-28T01:04:40.675125Z,Honbra,262,online
2026-09-28T01:04:23Z,2026-09-28T01:04:40.675125Z,Hostera,34,online
2026-09-28T01:04:23Z,2026-09-28T01:04:40.675125Z,Idyllia,10,online
2026-09-28T01:04:23Z,2026-09-28T01:04:40.675125Z,Ignibra,6,online
2026-09-28T01:04:23Z,2026-09-28T01:04:40.675125Z,Ignitera,46,online
2026-09-28T01:04:23Z,2026-09-28T01:04:40.675125Z,Inabra,471,online
2026-09-28T01:04:23Z,2026-09-28T01:04:40.675125Z,Issobra,203,online
2026-09-28T01:04:23Z,2026-09-28T01:04:40.675125Z,Jadebra,278,online
2026-09-28T01:04:23Z,2026-09-28T01:04:40.675125Z,Jinxibra,57,online
2026-09-28T01:04:23Z,2026-09-28T01:04:40.675125Z,Junera,87,online
2026-09-28T01:04:23Z,2026-09-28T01:04:40.675125Z,Kalanta,40,online
2026-09-28T01:04:23Z,2026-09-28T01:04:40.675125Z,Kalibra,324,online
2026-09-28T01:04:23Z,2026-09-28T01:04:40.675125Z,Kalimera,45,online
2026-09-28T01:04:23Z,2026-09-28T01:04:40.675125Z,Kanda,28,online
2026-09-28T01:04:23Z,2026-09-28T01:04:40.675125Z,Karmeya,58,online
2026-09-28T01:04:23Z,2026-09-28T01:04:40.675125Z,Lobera,396,online
2026-09-28T01:04:23Z,2026-09-28T01:04:40.675125Z,Luminera,271,online
2026-09-28T01:04:23Z,2026-09-28T01:04:40.675125Z,Lutabra,28,online
2026-09-28T01:04:23Z,2026-09-28T01:04:40.675125Z,Luzibra,111,online
2026-09-28T01:04:23Z,2026-09-28T01:04:40.675125Z,Maligna,28,online
2026-09-28T01:04:23Z,2026-09-28T01:04:40.675125Z,Menera,248,online
2026-09-28T01:04:23Z,2026-09-28T01:04:40.675125Z,Monstera,44,online
2026-09-28T01:04:23Z,2026-09-28T01:04:40.675125Z,Monza,81,online
2026-09-28T01:04:23Z,2026-09-28T01:04:40.675125Z,Mystera,9,online
2026-09-28T01:04:23Z,2026-09-28T01:04:40.675125Z,Nefera,422,online
2026-09-28T01:04:23Z,2026-09-28T01:04:40.675125Z,Nevia,108,online
2026-09-28T01:04:23Z,2026-09-28T01:04:40.675125Z,Noctalia,20,online
2026-09-28T01:04:23Z,2026-09-28T01:04:40.675125Z,Oceanis,39,online
2026-09-28T01:04:23Z,2026-09-28T01:04:40.675125Z,Ombra,226,online
2026-09-28T01:04:23Z,2026-09-28T01:04:40.675125Z,Opulera,90,online
2026-09-28T01:04:23Z,2026-09-28T01:04:40.675125Z,Ourobra,313,online
2026-09-28T01:04:23Z,2026-09-28T01:04:40.675125Z,Pacera,347,online
2026-09-28T01:04:23Z,2026-09-28T01:04:40.675125Z,Peloria,105,online
2026-09-28T01:04:23Z,2026-09-28T01:04:40.675125Z,Penumbra,7,online
2026-09-28T01:04:23Z,2026-09-28T01:04:40.675125Z,Premia,57,online
2026-09-28T01:04:23Z,2026-09-28T01:04:40.675125Z,Quelibra,358,online
2026-09-28T01:04:23Z,2026-09-28T01:04:40.675125Z,Quidera,340,online
2026-09-28T01:04:23Z,2026-09-28T01:04:40.675125Z,Quintera,332,online
2026-09-28T01:04:23Z,2026-09-28T01:04:40.675125Z,Rasteibra,332,online
2026-09-28T01:04:23Z,2026-09-28T01:04:40.675125Z,Refugia,83,online
2026-09-28T01:04:23Z,2026-09-28T01:04:40.675125Z,Retalia,12,online
2026-09-28T01:04:23Z,2026-09-28T01:04:40.675125Z,Secura,155,online
2026-09-28T01:04:23Z,2026-09-28T01:04:40.675125Z,Serdebra,352,online
2026-09-28T01:04:23Z,2026-09-28T01:04:40.675125Z,Sinistra,12,online
2026-09-28T01:04:23Z,2026-09-28T01:04:40.675125Z,Solidera,316,online
2026-09-28T01:04:23Z,2026-09-28T01:04:40.675125Z,Sombra,26,online
2026-09-28T01:04:23Z,2026-09-28T01:04:40.675125Z,Sonira,13,online
2026-09-28T01:04:23Z,2026-09-28T01:04:40.675125Z,Stralis,14,online
2026-09-28T01:04:23Z,2026-09-28T01:04:40.675125Z,Talera,373,online
2026-09-28T01:04:23Z,2026-09-28T01:04:40.675125Z,Tempestera,43,online
2026-09-28T01:04:23Z,2026-09-28T01:04:40.675125Z,Terribra,98,online
2026-09-28T01:04:23Z,2026-09-28T01:04:40.675125Z,Thyria,92,online
2026-09-28T01:04:23Z,2026-09-28T01:04:40.675125Z,Tornabra,174,online
2026-09-28T01:04:23Z,2026-09-28T01:04:40.675125Z,Unebra,199,online
2026-09-28T01:04:23Z,2026-09-28T01:04:40.675125Z,Ustebra,585,online
2026-09-28T01:04:23Z,2026-09-28T01:04:40.675125Z,Venebra,240,online
2026-09-28T01:04:23Z,2026-09-28T01:04:40.675125Z,Victoris,22,online
2026-09-28T01:04:23Z,2026-09-28T01:04:40.675125Z,Vunira,100,online
2026-09-28T01:04:23Z,2026-09-28T01:04:40.675125Z,Wickera,101,online
2026-09-28T01:04:23Z,2026-09-28T01:04:40.675125Z,Wintera,367,online
2026-09-28T01:04:23Z,2026-09-28T01:04:40.675125Z,Xybra,111,online
2026-09-28T01:04:23Z,2026-09-28T01:04:40.675125Z,Xyla,50,online
2026-09-28T01:04:23Z,2026-09-28T01:04:40.675125Z,Xymera,124,online
2026-09-28T01:04:23Z,2026-09-28T01:04:40.675125Z,Yonabra,279,online
2026-09-28T01:04:23Z,2026-09-28T01:04:40.675125Z,Yovera,346,online
2026-09-28T01:04:23Z,2026-09-28T01:04:40.675125Z,Yubra,148,online
2026-09-28T01:04:23Z,2026-09-28T01:04:40.675125Z,Zuna,6,online
2026-09-28T01:04:23Z,2026-09-28T01:04:40.675125Z,Zunera,12,online
2026-09-28T07:19:52Z,2026-09-28T07:20:41.557782Z,Aethera,29,online
2026-09-28T07:19:52Z,2026-09-28T07:20:41.557782Z,Antica,349,online
2026-09-28T07:19:52Z,2026-09-28T07:20:41.557782Z,Astera,161,online
2026-09-28T07:19:52Z,2026-09-28T07:20:41.557782Z,Belobra,63,online
2026-09-28T07:19:52Z,2026-09-28T07:20:41.557782Z,Blumera,74,online
2026-09-28T07:19:52Z,2026-09-28T07:20:41.557782Z,Bona,182,online
2026-09-28T07:19:52Z,2026-09-28T07:20:41.557782Z,Bravoria,29,online
2026-09-28T07:19:52Z,2026-09-28T07:20:41.557782Z,Calmera,74,online
2026-09-28T07:19:52Z,2026-09-28T07:20:41.557782Z,Cantabra,20,online
2026-09-28T07:19:52Z,2026-09-28T07:20:41.557782Z,Celebra,32,online
2026-09-28T07:19:52Z,2026-09-28T07:20:41.557782Z,Celesta,190,online
2026-09-28T07:19:52Z,2026-09-28T07:20:41.557782Z,Citra,31,online
2026-09-28T07:19:52Z,2026-09-28T07:20:41.557782Z,Collabra,42,online
2026-09-28T07:19:52Z,2026-09-28T07:20:41.557782Z,Descubra,39,online
2026-09-28T07:19:52Z,2026-09-28T07:20:41.557782Z,Dia,133,online
2026-09-28T07:19:52Z,2026-09-28T07:20:41.557782Z,Dracobra,20,online
2026-09-28T07:19:52Z,2026-09-28T07:20:41.557782Z,Eclipta,9,online
2026-09-28T07:19:52Z,2026-09-28T07:20:41.557782Z,Epoca,15,online
2026-09-28T07:19:52Z,2026-09-28T07:20:41.557782Z,Escura,2,online
2026-09-28T07:19:52Z,2026-09-28T07:20:41.557782Z,Etebra,18,online
2026-09-28T07:19:52Z,2026-09-28T07:20:41.557782Z,Ferobra,67,online
2026-09-28T07:19:52Z,2026-09-28T07:20:41.557782Z,Firmera,14,online
2026-09-28T07:19:52Z,2026-09-28T07:20:41.557782Z,Floribra,29,online
2026-09-28T07:19:52Z,2026-09-28T07:20:41.557782Z,Gentebra,50,online
2026-09-28T07:19:52Z,2026-09-28T07:20:41.557782Z,Gladera,46,online
2026-09-28T07:19:52Z,2026-09-28T07:20:41.557782Z,Gladibra,11,online
2026-09-28T07:19:52Z,2026-09-28T07:20:41.557782Z,Harmonia,121,online
2026-09-28T07:19:52Z,2026-09-28T07:20:41.557782Z,Havera,125,online
2026-09-28T07:19:52Z,2026-09-28T07:20:41.557782Z,Honbra,34,online
2026-09-28T07:19:52Z,2026-09-28T07:20:41.557782Z,Hostera,24,online
2026-09-28T07:19:52Z,2026-09-28T07:20:41.557782Z,Idyllia,14,online
2026-09-28T07:19:52Z,2026-09-28T07:20:41.557782Z,Ignibra,1,online
2026-09-28T07:19:52Z,2026-09-28T07:20:41.557782Z,Ignitera,29,online
2026-09-28T07:19:52Z,2026-09-28T07:20:41.557782Z,Inabra,71,online
2026-09-28T07:19:52Z,2026-09-28T07:20:41.557782Z,Issobra,21,online
2026-09-28T07:19:52Z,2026-09-28T07:20:41.557782Z,Jadebra,31,online
2026-09-28T07:19:52Z,2026-09-28T07:20:41.557782Z,Jinxibra,14,online
2026-09-28T07:19:52Z,2026-09-28T07:20:41.557782Z,Junera,36,online
2026-09-28T07:19:52Z,2026-09-28T07:20:41.557782Z,Kalanta,57,online
2026-09-28T07:19:52Z,2026-09-28T07:20:41.557782Z,Kalibra,34,online
2026-09-28T07:19:52Z,2026-09-28T07:20:41.557782Z,Kalimera,14,online
2026-09-28T07:19:52Z,2026-09-28T07:20:41.557782Z,Kanda,61,online
2026-09-28T07:19:52Z,2026-09-28T07:20:41.557782Z,Karmeya,116,online
2026-09-28T07:19:52Z,2026-09-28T07:20:41.557782Z,Lobera,138,online
2026-09-28T07:19:52Z,2026-09-28T07:20:41.557782Z,Luminera,83,online
2026-09-28T07:19:52Z,2026-09-28T07:20:41.557782Z,Lutabra,2,online
2026-09-28T07:19:52Z,2026-09-28T07:20:41.557782Z,Luzibra,17,online
2026-09-28T07:19:52Z,2026-09-28T07:20:41.557782Z,Maligna,27,online
2026-09-28T07:19:52Z,2026-09-28T07:20:41.557782Z,Menera,69,online
2026-09-28T07:19:52Z,2026-09-28T07:20:41.557782Z,Monstera,13,online
2026-09-28T07:19:52Z,2026-09-28T07:20:41.557782Z,Monza,153,online
2026-09-28T07:19:52Z,2026-09-28T07:20:41.557782Z,Mystera,7,online
2026-09-28T07:19:52Z,2026-09-28T07:20:41.557782Z,Nefera,121,online
2026-09-28T07:19:52Z,2026-09-28T07:20:41.557782Z,Nevia,232,online
2026-09-28T07:19:52Z,2026-09-28T07:20:41.557782Z,Noctalia,37,online
2026-09-28T07:19:52Z,2026-09-28T07:20:41.557782Z,Oceanis,53,online
2026-09-28T07:19:52Z,2026-09-28T07:20:41.557782Z,Ombra,23,online
2026-09-28T07:19:52Z,2026-09-28T07:20:41.557782Z,Opulera,41,online
2026-09-28T07:19:52Z,2026-09-28T07:20:41.557782Z,Ourobra,41,online
2026-09-28T07:19:52Z,2026-09-28T07:20:41.557782Z,Pacera,110,online
2026-09-28T07:19:52Z,2026-09-28T07:20:41.557782Z,Peloria,184,online
2026-09-28T07:19:52Z,2026-09-28T07:20:41.557782Z,Penumbra,0,offline
2026-09-28T07:19:52Z,2026-09-28T07:20:41.557782Z,Premia,71,online
2026-09-28T07:19:52Z,2026-09-28T07:20:41.557782Z,Quelibra,39,online
2026-09-28T07:19:52Z,2026-09-28T07:20:41.557782Z,Quidera,83,online
2026-09-28T07:19:52Z,2026-09-28T07:20:41.557782Z,Quintera,90,online
2026-09-28T07:19:52Z,2026-09-28T07:20:41.557782Z,Rasteibra,41,online
2026-09-28T07:19:52Z,2026-09-28T07:20:41.557782Z,Refugia,194,online
2026-09-28T07:19:52Z,2026-09-28T07:20:41.557782Z,Retalia,24,online
2026-09-28T07:19:52Z,2026-09-28T07:20:41.557782Z,Secura,390,online
2026-09-28T07:19:52Z,2026-09-28T07:20:41.557782Z,Serdebra,45,online
2026-09-28T07:19:52Z,2026-09-28T07:20:41.557782Z,Sinistra,18,online
2026-09-28T07:19:52Z,2026-09-28T07:20:41.557782Z,Solidera,177,online
2026-09-28T07:19:52Z,2026-09-28T07:20:41.557782Z,Sombra,2,online
2026-09-28T07:19:52Z,2026-09-28T07:20:41.557782Z,Sonira,33,online
2026-09-28T07:19:52Z,2026-09-28T07:20:41.557782Z,Stralis,20,online
2026-09-28T07:19:52Z,2026-09-28T07:20:41.557782Z,Talera,151,online
2026-09-28T07:19:52Z,2026-09-28T07:20:41.557782Z,Tempestera,17,online
2026-09-28T07:19:52Z,2026-09-28T07:20:41.557782Z,Terribra,23,online
2026-09-28T07:19:52Z,2026-09-28T07:20:41.557782Z,Thyria,141,online
2026-09-28T07:19:52Z,2026-09-28T07:20:41.557782Z,Tornabra,18,online
2026-09-28T07:19:52Z,2026-09-28T07:20:41.557782Z,Unebra,32,online
2026-09-28T07:19:52Z,2026-09-28T07:20:41.557782Z,Ustebra,73,online
2026-09-28T07:19:52Z,2026-09-28T07:20:41.557782Z,Venebra,32,online
2026-09-28T07:19:52Z,2026-09-28T07:20:41.557782Z,Victoris,45,online
2026-09-28T07:19:52Z,2026-09-28T07:20:41.557782Z,Vunira,177,online
2026-09-28T07:19:52Z,2026-09-28T07:20:41.557782Z,Wickera,42,online
2026-09-28T07:19:52Z,2026-09-28T07:20:41.557782Z,Wintera,135,online
2026-09-28T07:19:52Z,2026-09-28T07:20:41.557782Z,Xybra,5,online
2026-09-28T07:19:52Z,2026-09-28T07:20:41.557782Z,Xyla,103,online
2026-09-28T07:19:52Z,2026-09-28T07:20:41.557782Z,Xymera,33,online
2026-09-28T07:19:52Z,2026-09-28T07:20:41.557782Z,Yonabra,36,online
2026-09-28T07:19:52Z,2026-09-28T07:20:41.557782Z,Yovera,132,online
2026-09-28T07:19:52Z,2026-09-28T07:20:41.557782Z,Yubra,17,online
2026-09-28T07:19:52Z,2026-09-28T07:20:41.557782Z,Zuna,6,online
2026-09-28T07:19:52Z,2026-09-28T07:20:41.557782Z,Zunera,1,online
2026-09-28T15:46:14Z,2026-09-28T15:46:19.051319Z,Aethera,36,online
2026-09-28T15:46:14Z,2026-09-28T15:46:19.051319Z,Antica,755,online
2026-09-28T15:46:14Z,2026-09-28T15:46:19.051319Z,Astera,286,online
2026-09-28T15:46:14Z,2026-09-28T15:46:19.051319Z,Belobra,260,online
2026-09-28T15:46:14Z,2026-09-28T15:46:19.051319Z,Blumera,122,online
2026-09-28T15:46:14Z,2026-09-28T15:46:19.051319Z,Bona,421,online
2026-09-28T15:46:14Z,2026-09-28T15:46:19.051319Z,Bravoria,61,online
2026-09-28T15:46:14Z,2026-09-28T15:46:19.051319Z,Calmera,175,online
2026-09-28T15:46:14Z,2026-09-28T15:46:19.051319Z,Cantabra,90,online
2026-09-28T15:46:14Z,2026-09-28T15:46:19.051319Z,Celebra,185,online
2026-09-28T15:46:14Z,2026-09-28T15:46:19.051319Z,Celesta,365,online
2026-09-28T15:46:14Z,2026-09-28T15:46:19.051319Z,Citra,83,online
2026-09-28T15:46:14Z,2026-09-28T15:46:19.051319Z,Collabra,185,online
2026-09-28T15:46:14Z,2026-09-28T15:46:19.051319Z,Descubra,213,online
2026-09-28T15:46:14Z,2026-09-28T15:46:19.051319Z,Dia,257,online
2026-09-28T15:46:14Z,2026-09-28T15:46:19.051319Z,Dracobra,61,online
2026-09-28T15:46:14Z,2026-09-28T15:46:19.051319Z,Eclipta,23,online
2026-09-28T15:46:14Z,2026-09-28T15:46:19.051319Z,Epoca,39,online
2026-09-28T15:46:14Z,2026-09-28T15:46:19.051319Z,Escura,0,offline
2026-09-28T15:46:14Z,2026-09-28T15:46:19.051319Z,Etebra,111,online
2026-09-28T15:46:14Z,2026-09-28T15:46:19.051319Z,Ferobra,258,online
2026-09-28T15:46:14Z,2026-09-28T15:46:19.051319Z,Firmera,20,online
2026-09-28T15:46:14Z,2026-09-28T15:46:19.051319Z,Floribra,107,online
2026-09-28T15:46:14Z,2026-09-28T15:46:19.051319Z,Gentebra,254,online
2026-09-28T15:46:14Z,2026-09-28T15:46:19.051319Z,Gladera,131,online
2026-09-28T15:46:14Z,2026-09-28T15:46:19.051319Z,Gladibra,15,online
2026-09-28T15:46:14Z,2026-09-28T15:46:19.051319Z,Harmonia,274,online
2026-09-28T15:46:14Z,2026-09-28T15:46:19.051319Z,Havera,203,online
2026-09-28T15:46:14Z,2026-09-28T15:46:19.051319Z,Honbra,207,online
2026-09-28T15:46:14Z,2026-09-28T15:46:19.051319Z,Hostera,16,online
2026-09-28T15:46:14Z,2026-09-28T15:46:19.051319Z,Idyllia,32,online
2026-09-28T15:46:14Z,2026-09-28T15:46:19.051319Z,Ignibra,6,online
2026-09-28T15:46:14Z,2026-09-28T15:46:19.051319Z,Ignitera,27,online
2026-09-28T15:46:14Z,2026-09-28T15:46:19.051319Z,Inabra,298,online
2026-09-28T15:46:14Z,2026-09-28T15:46:19.051319Z,Issobra,127,online
2026-09-28T15:46:14Z,2026-09-28T15:46:19.051319Z,Jadebra,164,online
2026-09-28T15:46:14Z,2026-09-28T15:46:19.051319Z,Jinxibra,20,online
2026-09-28T15:46:14Z,2026-09-28T15:46:19.051319Z,Junera,54,online
2026-09-28T15:46:14Z,2026-09-28T15:46:19.051319Z,Kalanta,161,online
2026-09-28T15:46:14Z,2026-09-28T15:46:19.051319Z,Kalibra,219,online
2026-09-28T15:46:14Z,2026-09-28T15:46:19.051319Z,Kalimera,38,online
2026-09-28T15:46:14Z,2026-09-28T15:46:19.051319Z,Kanda,115,online
2026-09-28T15:46:14Z,2026-09-28T15:46:19.051319Z,Karmeya,233,online
2026-09-28T15:46:14Z,2026-09-28T15:46:19.051319Z,Lobera,317,online
2026-09-28T15:46:14Z,2026-09-28T15:46:19.051319Z,Luminera,176,online
2026-09-28T15:46:14Z,2026-09-28T15:46:19.051319Z,Lutabra,20,online
2026-09-28T15:46:14Z,2026-09-28T15:46:19.051319Z,Luzibra,52,online
2026-09-28T15:46:14Z,2026-09-28T15:46:19.051319Z,Maligna,60,online
2026-09-28T15:46:14Z,2026-09-28T15:46:19.051319Z,Menera,147,online
2026-09-28T15:46:14Z,2026-09-28T15:46:19.051319Z,Monstera,45,online
2026-09-28T15:46:14Z,2026-09-28T15:46:19.051319Z,Monza,312,online
2026-09-28T15:46:14Z,2026-09-28T15:46:19.051319Z,Mystera,6,online
2026-09-28T15:46:14Z,2026-09-28T15:46:19.051319Z,Nefera,249,online
2026-09-28T15:46:14Z,2026-09-28T15:46:19.051319Z,Nevia,528,online
2026-09-28T15:46:14Z,2026-09-28T15:46:19.051319Z,Noctalia,56,online
2026-09-28T15:46:14Z,2026-09-28T15:46:19.051319Z,Oceanis,44,online
2026-09-28T15:46:14Z,2026-09-28T15:46:19.051319Z,Ombra,161,online
2026-09-28T15:46:14Z,2026-09-28T15:46:19.051319Z,Opulera,50,online
2026-09-28T15:46:14Z,2026-09-28T15:46:19.051319Z,Ourobra,219,online
2026-09-28T15:46:14Z,2026-09-28T15:46:19.051319Z,Pacera,216,online
2026-09-28T15:46:14Z,2026-09-28T15:46:19.051319Z,Peloria,316,online
2026-09-28T15:46:14Z,2026-09-28T15:46:19.051319Z,Penumbra,4,online
2026-09-28T15:46:14Z,2026-09-28T15:46:19.051319Z,Premia,156,online
2026-09-28T15:46:14Z,2026-09-28T15:46:19.051319Z,Quelibra,226,online
2026-09-28T15:46:14Z,2026-09-28T15:46:19.051319Z,Quidera,182,online
2026-09-28T15:46:14Z,2026-09-28T15:46:19.051319Z,Quintera,201,online
2026-09-28T15:46:14Z,2026-09-28T15:46:19.051319Z,Rasteibra,212,online
2026-09-28T15:46:14Z,2026-09-28T15:46:19.051319Z,Refugia,346,online
2026-09-28T15:46:14Z,2026-09-28T15:46:19.051319Z,Retalia,34,online
2026-09-28T15:46:14Z,2026-09-28T15:46:19.051319Z,Secura,768,online
2026-09-28T15:46:14Z,2026-09-28T15:46:19.051319Z,Serdebra,221,online
2026-09-28T15:46:14Z,2026-09-28T15:46:19.051319Z,Sinistra,56,online
2026-09-28T15:46:14Z,2026-09-28T15:46:19.051319Z,Solidera,217,online
2026-09-28T15:46:14Z,2026-09-28T15:46:19.051319Z,Sombra,18,online
2026-09-28T15:46:14Z,2026-09-28T15:46:19.051319Z,Sonira,70,online
2026-09-28T15:46:14Z,2026-09-28T15:46:19.051319Z,Stralis,17,online
2026-09-28T15:46:14Z,2026-09-28T15:46:19.051319Z,Talera,230,online
2026-09-28T15:46:14Z,2026-09-28T15:46:19.051319Z,Tempestera,13,online
2026-09-28T15:46:14Z,2026-09-28T15:46:19.051319Z,Terribra,113,online
2026-09-28T15:46:14Z,2026-09-28T15:46:19.051319Z,Thyria,335,online
2026-09-28T15:46:14Z,2026-09-28T15:46:19.051319Z,Tornabra,137,online
2026-09-28T15:46:14Z,2026-09-28T15:46:19.051319Z,Unebra,113,online
2026-09-28T15:46:14Z,2026-09-28T15:46:19.051319Z,Ustebra,369,online
2026-09-28T15:46:14Z,2026-09-28T15:46:19.051319Z,Venebra,169,online
2026-09-28T15:46:14Z,2026-09-28T15:46:19.051319Z,Victoris,22,online
2026-09-28T15:46:14Z,2026-09-28T15:46:19.051319Z,Vunira,366,online
2026-09-28T15:46:14Z,2026-09-28T15:46:19.051319Z,Wickera,44,online
2026-09-28T15:46:14Z,2026-09-28T15:46:19.051319Z,Wintera,222,online
2026-09-28T15:46:14Z,2026-09-28T15:46:19.051319Z,Xybra,55,online
2026-09-28T15:46:14Z,2026-09-28T15:46:19.051319Z,Xyla,174,online
2026-09-28T15:46:14Z,2026-09-28T15:46:19.051319Z,Xymera,77,online
2026-09-28T15:46:14Z,2026-09-28T15:46:19.051319Z,Yonabra,191,online
2026-09-28T15:46:14Z,2026-09-28T15:46:19.051319Z,Yovera,189,online
2026-09-28T15:46:14Z,2026-09-28T15:46:19.051319Z,Yubra,90,online
2026-09-28T15:46:14Z,2026-09-28T15:46:19.051319Z,Zuna,10,online
2026-09-28T15:46:14Z,2026-09-28T15:46:19.051319Z,Zunera,7,online
2026-09-28T22:12:54Z,2026-09-28T22:13:15.310164Z,Aethera,41,online
2026-09-28T22:12:54Z,2026-09-28T22:13:15.310164Z,Antica,578,online
2026-09-28T22:12:54Z,2026-09-28T22:13:15.310164Z,Astera,372,online
2026-09-28T22:12:54Z,2026-09-28T22:13:15.310164Z,Belobra,422,online
2026-09-28T22:12:54Z,2026-09-28T22:13:15.310164Z,Blumera,188,online
2026-09-28T22:12:54Z,2026-09-28T22:13:15.310164Z,Bona,243,online
2026-09-28T22:12:54Z,2026-09-28T22:13:15.310164Z,Bravoria,46,online
2026-09-28T22:12:54Z,2026-09-28T22:13:15.310164Z,Calmera,227,online
2026-09-28T22:12:54Z,2026-09-28T22:13:15.310164Z,Cantabra,145,online
2026-09-28T22:12:54Z,2026-09-28T22:13:15.310164Z,Celebra,360,online
2026-09-28T22:12:54Z,2026-09-28T22:13:15.310164Z,Celesta,238,online
2026-09-28T22:12:54Z,2026-09-28T22:13:15.310164Z,Citra,63,online
2026-09-28T22:12:54Z,2026-09-28T22:13:15.310164Z,Collabra,262,online
2026-09-28T22:12:54Z,2026-09-28T22:13:15.310164Z,Descubra,401,online
2026-09-28T22:12:54Z,2026-09-28T22:13:15.310164Z,Dia,153,online
2026-09-28T22:12:54Z,2026-09-28T22:13:15.310164Z,Dracobra,97,online
2026-09-28T22:12:54Z,2026-09-28T22:13:15.310164Z,Eclipta,18,online
2026-09-28T22:12:54Z,2026-09-28T22:13:15.310164Z,Epoca,36,online
2026-09-28T22:12:54Z,2026-09-28T22:13:15.310164Z,Escura,1,online
2026-09-28T22:12:54Z,2026-09-28T22:13:15.310164Z,Etebra,129,online
2026-09-28T22:12:54Z,2026-09-28T22:13:15.310164Z,Ferobra,487,online
2026-09-28T22:12:54Z,2026-09-28T22:13:15.310164Z,Firmera,26,online
2026-09-28T22:12:54Z,2026-09-28T22:13:15.310164Z,Floribra,178,online
2026-09-28T22:12:54Z,2026-09-28T22:13:15.310164Z,Gentebra,372,online
2026-09-28T22:12:54Z,2026-09-28T22:13:15.310164Z,Gladera,154,online
2026-09-28T22:12:54Z,2026-09-28T22:13:15.310164Z,Gladibra,34,online
2026-09-28T22:12:54Z,2026-09-28T22:13:15.310164Z,Harmonia,187,online
2026-09-28T22:12:54Z,2026-09-28T22:13:15.310164Z,Havera,292,online
2026-09-28T22:12:54Z,2026-09-28T22:13:15.310164Z,Honbra,329,online
2026-09-28T22:12:54Z,2026-09-28T22:13:15.310164Z,Hostera,28,online
2026-09-28T22:12:54Z,2026-09-28T22:13:15.310164Z,Idyllia,32,online
2026-09-28T22:12:54Z,2026-09-28T22:13:15.310164Z,Ignibra,9,online
2026-09-28T22:12:54Z,2026-09-28T22:13:15.310164Z,Ignitera,31,online
2026-09-28T22:12:54Z,2026-09-28T22:13:15.310164Z,Inabra,447,online
2026-09-28T22:12:54Z,2026-09-28T22:13:15.310164Z,Issobra,173,online
2026-09-28T22:12:54Z,2026-09-28T22:13:15.310164Z,Jadebra,270,online
2026-09-28T22:12:54Z,2026-09-28T22:13:15.310164Z,Jinxibra,49,online
2026-09-28T22:12:54Z,2026-09-28T22:13:15.310164Z,Junera,81,online
2026-09-28T22:12:54Z,2026-09-28T22:13:15.310164Z,Kalanta,94,online
2026-09-28T22:12:54Z,2026-09-28T22:13:15.310164Z,Kalibra,361,online
2026-09-28T22:12:54Z,2026-09-28T22:13:15.310164Z,Kalimera,45,online
2026-09-28T22:12:54Z,2026-09-28T22:13:15.310164Z,Kanda,69,online
2026-09-28T22:12:54Z,2026-09-28T22:13:15.310164Z,Karmeya,151,online
2026-09-28T22:12:54Z,2026-09-28T22:13:15.310164Z,Lobera,365,online
2026-09-28T22:12:54Z,2026-09-28T22:13:15.310164Z,Luminera,210,online
2026-09-28T22:12:54Z,2026-09-28T22:13:15.310164Z,Lutabra,28,online
2026-09-28T22:12:54Z,2026-09-28T22:13:15.310164Z,Luzibra,87,online
2026-09-28T22:12:54Z,2026-09-28T22:13:15.310164Z,Maligna,42,online
2026-09-28T22:12:54Z,2026-09-28T22:13:15.310164Z,Menera,194,online
2026-09-28T22:12:54Z,2026-09-28T22:13:15.310164Z,Monstera,47,online
2026-09-28T22:12:54Z,2026-09-28T22:13:15.310164Z,Monza,187,online
2026-09-28T22:12:54Z,2026-09-28T22:13:15.310164Z,Mystera,9,online
2026-09-28T22:12:54Z,2026-09-28T22:13:15.310164Z,Nefera,390,online
2026-09-28T22:12:54Z,2026-09-28T22:13:15.310164Z,Nevia,331,online
2026-09-28T22:12:54Z,2026-09-28T22:13:15.310164Z,Noctalia,52,online
2026-09-28T22:12:54Z,2026-09-28T22:13:15.310164Z,Oceanis,22,online
2026-09-28T22:12:54Z,2026-09-28T22:13:15.310164Z,Ombra,227,online
2026-09-28T22:12:54Z,2026-09-28T22:13:15.310164Z,Opulera,83,online
2026-09-28T22:12:54Z,2026-09-28T22:13:15.310164Z,Ourobra,285,online
2026-09-28T22:12:54Z,2026-09-28T22:13:15.310164Z,Pacera,287,online
2026-09-28T22:12:54Z,2026-09-28T22:13:15.310164Z,Peloria,244,online
2026-09-28T22:12:54Z,2026-09-28T22:13:15.310164Z,Penumbra,1,online
2026-09-28T22:12:54Z,2026-09-28T22:13:15.310164Z,Premia,117,online
2026-09-28T22:12:54Z,2026-09-28T22:13:15.310164Z,Quelibra,355,online
2026-09-28T22:12:54Z,2026-09-28T22:13:15.310164Z,Quidera,245,online
2026-09-28T22:12:54Z,2026-09-28T22:13:15.310164Z,Quintera,314,online
2026-09-28T22:12:54Z,2026-09-28T22:13:15.310164Z,Rasteibra,362,online
2026-09-28T22:12:54Z,2026-09-28T22:13:15.310164Z,Refugia,219,online
2026-09-28T22:12:54Z,2026-09-28T22:13:15.310164Z,Retalia,29,online
2026-09-28T22:12:54Z,2026-09-28T22:13:15.310164Z,Secura,477,online
2026-09-28T22:12:54Z,2026-09-28T22:13:15.310164Z,Serdebra,363,online
2026-09-28T22:12:54Z,2026-09-28T22:13:15.310164Z,Sinistra,55,online
2026-09-28T22:12:54Z,2026-09-28T22:13:15.310164Z,Solidera,288,online
2026-09-28T22:12:54Z,2026-09-28T22:13:15.310164Z,Sombra,30,online
2026-09-28T22:12:54Z,2026-09-28T22:13:15.310164Z,Sonira,36,online
2026-09-28T22:12:54Z,2026-09-28T22:13:15.310164Z,Stralis,15,online
2026-09-28T22:12:54Z,2026-09-28T22:13:15.310164Z,Talera,297,online
2026-09-28T22:12:54Z,2026-09-28T22:13:15.310164Z,Tempestera,35,online
2026-09-28T22:12:54Z,2026-09-28T22:13:15.310164Z,Terribra,92,online
2026-09-28T22:12:54Z,2026-09-28T22:13:15.310164Z,Thyria,228,online
2026-09-28T22:12:54Z,2026-09-28T22:13:15.310164Z,Tornabra,175,online
2026-09-28T22:12:54Z,2026-09-28T22:13:15.310164Z,Unebra,190,online
2026-09-28T22:12:54Z,2026-09-28T22:13:15.310164Z,Ustebra,517,online
2026-09-28T22:12:54Z,2026-09-28T22:13:15.310164Z,Venebra,264,online
2026-09-28T22:12:54Z,2026-09-28T22:13:15.310164Z,Victoris,15,online
2026-09-28T22:12:54Z,2026-09-28T22:13:15.310164Z,Vunira,265,online
2026-09-28T22:12:54Z,2026-09-28T22:13:15.310164Z,Wickera,61,online
2026-09-28T22:12:54Z,2026-09-28T22:13:15.310164Z,Wintera,316,online
2026-09-28T22:12:54Z,2026-09-28T22:13:15.310164Z,Xybra,88,online
2026-09-28T22:12:54Z,2026-09-28T22:13:15.310164Z,Xyla,136,online
2026-09-28T22:12:54Z,2026-09-28T22:13:15.310164Z,Xymera,103,online
2026-09-28T22:12:54Z,2026-09-28T22:13:15.310164Z,Yonabra,246,online
2026-09-28T22:12:54Z,2026-09-28T22:13:15.310164Z,Yovera,277,online
2026-09-28T22:12:54Z,2026-09-28T22:13:15.310164Z,Yubra,152,online
2026-09-28T22:12:54Z,2026-09-28T22:13:15.310164Z,Zuna,4,online
2026-09-28T22:12:54Z,2026-09-28T22:13:15.310164Z,Zunera,13,online
2026-09-29T02:10:19Z,2026-09-29T02:10:33.315514Z,Aethera,75,online
2026-09-29T02:10:19Z,2026-09-29T02:10:33.315514Z,Antica,184,online
2026-09-29T02:10:19Z,2026-09-29T02:10:33.315514Z,Astera,420,online
2026-09-29T02:10:19Z,2026-09-29T02:10:33.315514Z,Belobra,433,online
2026-09-29T02:10:19Z,2026-09-29T02:10:33.315514Z,Blumera,201,online
2026-09-29T02:10:19Z,2026-09-29T02:10:33.315514Z,Bona,81,online
2026-09-29T02:10:19Z,2026-09-29T02:10:33.315514Z,Bravoria,20,online
2026-09-29T02:10:19Z,2026-09-29T02:10:33.315514Z,Calmera,247,online
2026-09-29T02:10:19Z,2026-09-29T02:10:33.315514Z,Cantabra,146,online
2026-09-29T02:10:19Z,2026-09-29T02:10:33.315514Z,Celebra,296,online
2026-09-29T02:10:19Z,2026-09-29T02:10:33.315514Z,Celesta,60,online
2026-09-29T02:10:19Z,2026-09-29T02:10:33.315514Z,Citra,20,online
2026-09-29T02:10:19Z,2026-09-29T02:10:33.315514Z,Collabra,257,online
2026-09-29T02:10:19Z,2026-09-29T02:10:33.315514Z,Descubra,288,online
2026-09-29T02:10:19Z,2026-09-29T02:10:33.315514Z,Dia,40,online
2026-09-29T02:10:19Z,2026-09-29T02:10:33.315514Z,Dracobra,101,online
2026-09-29T02:10:19Z,2026-09-29T02:10:33.315514Z,Eclipta,7,online
2026-09-29T02:10:19Z,2026-09-29T02:10:33.315514Z,Epoca,17,online
2026-09-29T02:10:19Z,2026-09-29T02:10:33.315514Z,Escura,0,offline
2026-09-29T02:10:19Z,2026-09-29T02:10:33.315514Z,Etebra,119,online
2026-09-29T02:10:19Z,2026-09-29T02:10:33.315514Z,Ferobra,330,online
2026-09-29T02:10:19Z,2026-09-29T02:10:33.315514Z,Firmera,59,online
2026-09-29T02:10:19Z,2026-09-29T02:10:33.315514Z,Floribra,183,online
2026-09-29T02:10:19Z,2026-09-29T02:10:33.315514Z,Gentebra,341,online
2026-09-29T02:10:19Z,2026-09-29T02:10:33.315514Z,Gladera,189,online
2026-09-29T02:10:19Z,2026-09-29T02:10:33.315514Z,Gladibra,36,online
2026-09-29T02:10:19Z,2026-09-29T02:10:33.315514Z,Harmonia,55,online
2026-09-29T02:10:19Z,2026-09-29T02:10:33.315514Z,Havera,339,online
2026-09-29T02:10:19Z,2026-09-29T02:10:33.315514Z,Honbra,276,online
2026-09-29T02:10:19Z,2026-09-29T02:10:33.315514Z,Hostera,35,online
2026-09-29T02:10:19Z,2026-09-29T02:10:33.315514Z,Idyllia,11,online
2026-09-29T02:10:19Z,2026-09-29T02:10:33.315514Z,Ignibra,8,online
2026-09-29T02:10:19Z,2026-09-29T02:10:33.315514Z,Ignitera,47,online
2026-09-29T02:10:19Z,2026-09-29T02:10:33.315514Z,Inabra,447,online
2026-09-29T02:10:19Z,2026-09-29T02:10:33.315514Z,Issobra,166,online
2026-09-29T02:10:19Z,2026-09-29T02:10:33.315514Z,Jadebra,264,online
2026-09-29T02:10:19Z,2026-09-29T02:10:33.315514Z,Jinxibra,50,online
2026-09-29T02:10:19Z,2026-09-29T02:10:33.315514Z,Junera,108,online
2026-09-29T02:10:19Z,2026-09-29T02:10:33.315514Z,Kalanta,34,online
2026-09-29T02:10:19Z,2026-09-29T02:10:33.315514Z,Kalibra,302,online
2026-09-29T02:10:19Z,2026-09-29T02:10:33.315514Z,Kalimera,60,online
2026-09-29T02:10:19Z,2026-09-29T02:10:33.315514Z,Kanda,30,online
2026-09-29T02:10:19Z,2026-09-29T02:10:33.315514Z,Karmeya,45,online
2026-09-29T02:10:19Z,2026-09-29T02:10:33.315514Z,Lobera,449,online
2026-09-29T02:10:19Z,2026-09-29T02:10:33.315514Z,Luminera,258,online
2026-09-29T02:10:19Z,2026-09-29T02:10:33.315514Z,Lutabra,17,online
2026-09-29T02:10:19Z,2026-09-29T02:10:33.315514Z,Luzibra,85,online
2026-09-29T02:10:19Z,2026-09-29T02:10:33.315514Z,Maligna,25,online
2026-09-29T02:10:19Z,2026-09-29T02:10:33.315514Z,Menera,219,online
2026-09-29T02:10:19Z,2026-09-29T02:10:33.315514Z,Monstera,34,online
2026-09-29T02:10:19Z,2026-09-29T02:10:33.315514Z,Monza,71,online
2026-09-29T02:10:19Z,2026-09-29T02:10:33.315514Z,Mystera,6,online
2026-09-29T02:10:19Z,2026-09-29T02:10:33.315514Z,Nefera,383,online
2026-09-29T02:10:19Z,2026-09-29T02:10:33.315514Z,Nevia,78,online
2026-09-29T02:10:19Z,2026-09-29T02:10:33.315514Z,Noctalia,16,online
2026-09-29T02:10:19Z,2026-09-29T02:10:33.315514Z,Oceanis,29,online
2026-09-29T02:10:19Z,2026-09-29T02:10:33.315514Z,Ombra,197,online
2026-09-29T02:10:19Z,2026-09-29T02:10:33.315514Z,Opulera,101,online
2026-09-29T02:10:19Z,2026-09-29T02:10:33.315514Z,Ourobra,306,online
2026-09-29T02:10:19Z,2026-09-29T02:10:33.315514Z,Pacera,373,online
2026-09-29T02:10:19Z,2026-09-29T02:10:33.315514Z,Peloria,92,online
2026-09-29T02:10:19Z,2026-09-29T02:10:33.315514Z,Penumbra,9,online
2026-09-29T02:10:19Z,2026-09-29T02:10:33.315514Z,Premia,39,online
2026-09-29T02:10:19Z,2026-09-29T02:10:33.315514Z,Quelibra,381,online
2026-09-29T02:10:19Z,2026-09-29T02:10:33.315514Z,Quidera,330,online
2026-09-29T02:10:19Z,2026-09-29T02:10:33.315514Z,Quintera,277,online
2026-09-29T02:10:19Z,2026-09-29T02:10:33.315514Z,Rasteibra,319,online
2026-09-29T02:10:19Z,2026-09-29T02:10:33.315514Z,Refugia,55,online
2026-09-29T02:10:19Z,2026-09-29T02:10:33.315514Z,Retalia,10,online
2026-09-29T02:10:19Z,2026-09-29T02:10:33.315514Z,Secura,142,online
2026-09-29T02:10:19Z,2026-09-29T02:10:33.315514Z,Serdebra,377,online
2026-09-29T02:10:19Z,2026-09-29T02:10:33.315514Z,Sinistra,14,online
2026-09-29T02:10:19Z,2026-09-29T02:10:33.315514Z,Solidera,377,online
2026-09-29T02:10:19Z,2026-09-29T02:10:33.315514Z,Sombra,33,online
2026-09-29T02:10:19Z,2026-09-29T02:10:33.315514Z,Sonira,16,online
2026-09-29T02:10:19Z,2026-09-29T02:10:33.315514Z,Stralis,16,online
2026-09-29T02:10:19Z,2026-09-29T02:10:33.315514Z,Talera,528,online
2026-09-29T02:10:19Z,2026-09-29T02:10:33.315514Z,Tempestera,35,online
2026-09-29T02:10:19Z,2026-09-29T02:10:33.315514Z,Terribra,96,online
2026-09-29T02:10:19Z,2026-09-29T02:10:33.315514Z,Thyria,65,online
2026-09-29T02:10:19Z,2026-09-29T02:10:33.315514Z,Tornabra,169,online
2026-09-29T02:10:19Z,2026-09-29T02:10:33.315514Z,Unebra,165,online
2026-09-29T02:10:19Z,2026-09-29T02:10:33.315514Z,Ustebra,601,online
2026-09-29T02:10:19Z,2026-09-29T02:10:33.315514Z,Venebra,242,online
2026-09-29T02:10:19Z,2026-09-29T02:10:33.315514Z,Victoris,21,online
2026-09-29T02:10:19Z,2026-09-29T02:10:33.315514Z,Vunira,104,online
2026-09-29T02:10:19Z,2026-09-29T02:10:33.315514Z,Wickera,92,online
2026-09-29T02:10:19Z,2026-09-29T02:10:33.315514Z,Wintera,410,online
2026-09-29T02:10:19Z,2026-09-29T02:10:33.315514Z,Xybra,99,online
2026-09-29T02:10:19Z,2026-09-29T02:10:33.315514Z,Xyla,24,online
2026-09-29T02:10:19Z,2026-09-29T02:10:33.315514Z,Xymera,109,online
2026-09-29T02:10:19Z,2026-09-29T02:10:33.315514Z,Yonabra,251,online
2026-09-29T02:10:19Z,2026-09-29T02:10:33.315514Z,Yovera,371,online
2026-09-29T02:10:19Z,2026-09-29T02:10:33.315514Z,Yubra,140,online
2026-09-29T02:10:19Z,2026-09-29T02:10:33.315514Z,Zuna,3,online
2026-09-29T02:10:19Z,2026-09-29T02:10:33.315514Z,Zunera,19,online
2026-09-29T08:51:57Z,2026-09-29T08:52:23.255897Z,Aethera,6,online
2026-09-29T08:51:57Z,2026-09-29T08:52:23.255897Z,Antica,356,online
2026-09-29T08:51:57Z,2026-09-29T08:52:23.255897Z,Astera,85,online
2026-09-29T08:51:57Z,2026-09-29T08:52:23.255897Z,Belobra,59,online
2026-09-29T08:51:57Z,2026-09-29T08:52:23.255897Z,Blumera,28,online
2026-09-29T08:51:57Z,2026-09-29T08:52:23.255897Z,Bona,186,online
2026-09-29T08:51:57Z,2026-09-29T08:52:23.255897Z,Bravoria,22,online
2026-09-29T08:51:57Z,2026-09-29T08:52:23.255897Z,Calmera,43,online
2026-09-29T08:51:57Z,2026-09-29T08:52:23.255897Z,Cantabra,27,online
2026-09-29T08:51:57Z,2026-09-29T08:52:23.255897Z,Celebra,33,online
2026-09-29T08:51:57Z,2026-09-29T08:52:23.255897Z,Celesta,191,online
2026-09-29T08:51:57Z,2026-09-29T08:52:23.255897Z,Citra,29,online
2026-09-29T08:51:57Z,2026-09-29T08:52:23.255897Z,Collabra,29,online
2026-09-29T08:51:57Z,2026-09-29T08:52:23.255897Z,Descubra,39,online
2026-09-29T08:51:57Z,2026-09-29T08:52:23.255897Z,Dia,151,online
2026-09-29T08:51:57Z,2026-09-29T08:52:23.255897Z,Dracobra,17,online
2026-09-29T08:51:57Z,2026-09-29T08:52:23.255897Z,Eclipta,11,online
2026-09-29T08:51:57Z,2026-09-29T08:52:23.255897Z,Epoca,10,online
2026-09-29T08:51:57Z,2026-09-29T08:52:23.255897Z,Escura,3,online
2026-09-29T08:51:57Z,2026-09-29T08:52:23.255897Z,Etebra,14,online
2026-09-29T08:51:57Z,2026-09-29T08:52:23.255897Z,Ferobra,80,online
2026-09-29T08:51:57Z,2026-09-29T08:52:23.255897Z,Firmera,6,online
2026-09-29T08:51:57Z,2026-09-29T08:52:23.255897Z,Floribra,27,online
2026-09-29T08:51:57Z,2026-09-29T08:52:23.255897Z,Gentebra,58,online
2026-09-29T08:51:57Z,2026-09-29T08:52:23.255897Z,Gladera,20,online
2026-09-29T08:51:57Z,2026-09-29T08:52:23.255897Z,Gladibra,4,online
2026-09-29T08:51:57Z,2026-09-29T08:52:23.255897Z,Harmonia,133,online
2026-09-29T08:51:57Z,2026-09-29T08:52:23.255897Z,Havera,59,online
2026-09-29T08:51:57Z,2026-09-29T08:52:23.255897Z,Honbra,55,online
2026-09-29T08:51:57Z,2026-09-29T08:52:23.255897Z,Hostera,3,online
2026-09-29T08:51:57Z,2026-09-29T08:52:23.255897Z,Idyllia,13,online
2026-09-29T08:51:57Z,2026-09-29T08:52:23.255897Z,Ignibra,4,online
2026-09-29T08:51:57Z,2026-09-29T08:52:23.255897Z,Ignitera,6,online
2026-09-29T08:51:57Z,2026-09-29T08:52:23.255897Z,Inabra,99,online
2026-09-29T08:51:57Z,2026-09-29T08:52:23.255897Z,Issobra,20,online
2026-09-29T08:51:57Z,2026-09-29T08:52:23.255897Z,Jadebra,48,online
2026-09-29T08:51:57Z,2026-09-29T08:52:23.255897Z,Jinxibra,7,online
2026-09-29T08:51:57Z,2026-09-29T08:52:23.255897Z,Junera,13,online
2026-09-29T08:51:57Z,2026-09-29T08:52:23.255897Z,Kalanta,74,online
2026-09-29T08:51:57Z,2026-09-29T08:52:23.255897Z,Kalibra,40,online
2026-09-29T08:51:57Z,2026-09-29T08:52:23.255897Z,Kalimera,6,online
2026-09-29T08:51:57Z,2026-09-29T08:52:23.255897Z,Kanda,67,online
2026-09-29T08:51:57Z,2026-09-29T08:52:23.255897Z,Karmeya,108,online
2026-09-29T08:51:57Z,2026-09-29T08:52:23.255897Z,Lobera,71,online
2026-09-29T08:51:57Z,2026-09-29T08:52:23.255897Z,Luminera,33,online
2026-09-29T08:51:57Z,2026-09-29T08:52:23.255897Z,Lutabra,4,online
2026-09-29T08:51:57Z,2026-09-29T08:52:23.255897Z,Luzibra,9,online
2026-09-29T08:51:57Z,2026-09-29T08:52:23.255897Z,Maligna,28,online
2026-09-29T08:51:57Z,2026-09-29T08:52:23.255897Z,Menera,32,online
2026-09-29T08:51:57Z,2026-09-29T08:52:23.255897Z,Monstera,10,online
2026-09-29T08:51:57Z,2026-09-29T08:52:23.255897Z,Monza,126,online
2026-09-29T08:51:57Z,2026-09-29T08:52:23.255897Z,Mystera,5,online
2026-09-29T08:51:57Z,2026-09-29T08:52:23.255897Z,Nefera,65,online
2026-09-29T08:51:57Z,2026-09-29T08:52:23.255897Z,Nevia,263,online
2026-09-29T08:51:57Z,2026-09-29T08:52:23.255897Z,Noctalia,29,online
2026-09-29T08:51:57Z,2026-09-29T08:52:23.255897Z,Oceanis,27,online
2026-09-29T08:51:57Z,2026-09-29T08:52:23.255897Z,Ombra,34,online
2026-09-29T08:51:57Z,2026-09-29T08:52:23.255897Z,Opulera,15,online
2026-09-29T08:51:57Z,2026-09-29T08:52:23.255897Z,Ourobra,49,online
2026-09-29T08:51:57Z,2026-09-29T08:52:23.255897Z,Pacera,44,online
2026-09-29T08:51:57Z,2026-09-29T08:52:23.255897Z,Peloria,149,online
2026-09-29T08:51:57Z,2026-09-29T08:52:23.255897Z,Penumbra,1,online
2026-09-29T08:51:57Z,2026-09-29T08:52:23.255897Z,Premia,65,online
2026-09-29T08:51:57Z,2026-09-29T08:52:23.255897Z,Quelibra,58,online
2026-09-29T08:51:57Z,2026-09-29T08:52:23.255897Z,Quidera,31,online
2026-09-29T08:51:57Z,2026-09-29T08:52:23.255897Z,Quintera,38,online
2026-09-29T08:51:57Z,2026-09-29T08:52:23.255897Z,Rasteibra,53,online
2026-09-29T08:51:57Z,2026-09-29T08:52:23.255897Z,Refugia,182,online
2026-09-29T08:51:57Z,2026-09-29T08:52:23.255897Z,Retalia,21,online
2026-09-29T08:51:57Z,2026-09-29T08:52:23.255897Z,Secura,378,online
2026-09-29T08:51:57Z,2026-09-29T08:52:23.255897Z,Serdebra,68,online
2026-09-29T08:51:57Z,2026-09-29T08:52:23.255897Z,Sinistra,23,online
2026-09-29T08:51:57Z,2026-09-29T08:52:23.255897Z,Solidera,85,online
2026-09-29T08:51:57Z,2026-09-29T08:52:23.255897Z,Sombra,1,online
2026-09-29T08:51:57Z,2026-09-29T08:52:23.255897Z,Sonira,24,online
2026-09-29T08:51:57Z,2026-09-29T08:52:23.255897Z,Stralis,15,online
2026-09-29T08:51:57Z,2026-09-29T08:52:23.255897Z,Talera,74,online
2026-09-29T08:51:57Z,2026-09-29T08:52:23.255897Z,Tempestera,4,online
2026-09-29T08:51:57Z,2026-09-29T08:52:23.255897Z,Terribra,14,online
2026-09-29T08:51:57Z,2026-09-29T08:52:23.255897Z,Thyria,150,online
2026-09-29T08:51:57Z,2026-09-29T08:52:23.255897Z,Tornabra,25,online
2026-09-29T08:51:57Z,2026-09-29T08:52:23.255897Z,Unebra,34,online
2026-09-29T08:51:57Z,2026-09-29T08:52:23.255897Z,Ustebra,76,online
2026-09-29T08:51:57Z,2026-09-29T08:52:23.255897Z,Venebra,49,online
2026-09-29T08:51:57Z,2026-09-29T08:52:23.255897Z,Victoris,30,online
2026-09-29T08:51:57Z,2026-09-29T08:52:23.255897Z,Vunira,191,online
2026-09-29T08:51:57Z,2026-09-29T08:52:23.255897Z,Wickera,15,online
2026-09-29T08:51:57Z,2026-09-29T08:52:23.255897Z,Wintera,34,online
2026-09-29T08:51:57Z,2026-09-29T08:52:23.255897Z,Xybra,20,online
2026-09-29T08:51:57Z,2026-09-29T08:52:23.255897Z,Xyla,83,online
2026-09-29T08:51:57Z,2026-09-29T08:52:23.255897Z,Xymera,19,online
2026-09-29T08:51:57Z,2026-09-29T08:52:23.255897Z,Yonabra,43,online
2026-09-29T08:51:57Z,2026-09-29T08:52:23.255897Z,Yovera,49,online
2026-09-29T08:51:57Z,2026-09-29T08:52:23.255897Z,Yubra,19,online
2026-09-29T08:51:57Z,2026-09-29T08:52:23.255897Z,Zuna,4,online
2026-09-29T08:51:57Z,2026-09-29T08:52:23.255897Z,Zunera,0,offline
2026-09-29T16:03:07Z,2026-09-29T16:03:33.594051Z,Aethera,41,online
2026-09-29T16:03:07Z,2026-09-29T16:03:33.594051Z,Antica,707,online
2026-09-29T16:03:07Z,2026-09-29T16:03:33.594051Z,Astera,277,online
2026-09-29T16:03:07Z,2026-09-29T16:03:33.594051Z,Belobra,263,online
2026-09-29T16:03:07Z,2026-09-29T16:03:33.594051Z,Blumera,134,online
2026-09-29T16:03:07Z,2026-09-29T16:03:33.594051Z,Bona,389,online
2026-09-29T16:03:07Z,2026-09-29T16:03:33.594051Z,Bravoria,61,online
2026-09-29T16:03:07Z,2026-09-29T16:03:33.594051Z,Calmera,166,online
2026-09-29T16:03:07Z,2026-09-29T16:03:33.594051Z,Cantabra,106,online
2026-09-29T16:03:07Z,2026-09-29T16:03:33.594051Z,Celebra,182,online
2026-09-29T16:03:07Z,2026-09-29T16:03:33.594051Z,Celesta,380,online
2026-09-29T16:03:07Z,2026-09-29T16:03:33.594051Z,Citra,92,online
2026-09-29T16:03:07Z,2026-09-29T16:03:33.594051Z,Collabra,186,online
2026-09-29T16:03:07Z,2026-09-29T16:03:33.594051Z,Descubra,202,online
2026-09-29T16:03:07Z,2026-09-29T16:03:33.594051Z,Dia,269,online
2026-09-29T16:03:07Z,2026-09-29T16:03:33.594051Z,Dracobra,64,online
2026-09-29T16:03:07Z,2026-09-29T16:03:33.594051Z,Eclipta,22,online
2026-09-29T16:03:07Z,2026-09-29T16:03:33.594051Z,Epoca,50,online
2026-09-29T16:03:07Z,2026-09-29T16:03:33.594051Z,Escura,2,online
2026-09-29T16:03:07Z,2026-09-29T16:03:33.594051Z,Etebra,96,online
2026-09-29T16:03:07Z,2026-09-29T16:03:33.594051Z,Ferobra,234,online
2026-09-29T16:03:07Z,2026-09-29T16:03:33.594051Z,Firmera,32,online
2026-09-29T16:03:07Z,2026-09-29T16:03:33.594051Z,Floribra,97,online
2026-09-29T16:03:07Z,2026-09-29T16:03:33.594051Z,Gentebra,235,online
2026-09-29T16:03:07Z,2026-09-29T16:03:33.594051Z,Gladera,134,online
2026-09-29T16:03:07Z,2026-09-29T16:03:33.594051Z,Gladibra,15,online
2026-09-29T16:03:07Z,2026-09-29T16:03:33.594051Z,Harmonia,272,online
2026-09-29T16:03:07Z,2026-09-29T16:03:33.594051Z,Havera,190,online
2026-09-29T16:03:07Z,2026-09-29T16:03:33.594051Z,Honbra,171,online
2026-09-29T16:03:07Z,2026-09-29T16:03:33.594051Z,Hostera,20,online
2026-09-29T16:03:07Z,2026-09-29T16:03:33.594051Z,Idyllia,34,online
2026-09-29T16:03:07Z,2026-09-29T16:03:33.594051Z,Ignibra,5,online
2026-09-29T16:03:07Z,2026-09-29T16:03:33.594051Z,Ignitera,28,online
2026-09-29T16:03:07Z,2026-09-29T16:03:33.594051Z,Inabra,310,online
2026-09-29T16:03:07Z,2026-09-29T16:03:33.594051Z,Issobra,123,online
2026-09-29T16:03:07Z,2026-09-29T16:03:33.594051Z,Jadebra,153,online
2026-09-29T16:03:07Z,2026-09-29T16:03:33.594051Z,Jinxibra,31,online
2026-09-29T16:03:07Z,2026-09-29T16:03:33.594051Z,Junera,65,online
2026-09-29T16:03:07Z,2026-09-29T16:03:33.594051Z,Kalanta,149,online
2026-09-29T16:03:07Z,2026-09-29T16:03:33.594051Z,Kalibra,208,online
2026-09-29T16:03:07Z,2026-09-29T16:03:33.594051Z,Kalimera,42,online
2026-09-29T16:03:07Z,2026-09-29T16:03:33.594051Z,Kanda,115,online
2026-09-29T16:03:07Z,2026-09-29T16:03:33.594051Z,Karmeya,235,online
2026-09-29T16:03:07Z,2026-09-29T16:03:33.594051Z,Lobera,308,online
2026-09-29T16:03:07Z,2026-09-29T16:03:33.594051Z,Luminera,176,online
2026-09-29T16:03:07Z,2026-09-29T16:03:33.594051Z,Lutabra,17,online
2026-09-29T16:03:07Z,2026-09-29T16:03:33.594051Z,Luzibra,51,online
2026-09-29T16:03:07Z,2026-09-29T16:03:33.594051Z,Maligna,65,online
2026-09-29T16:03:07Z,2026-09-29T16:03:33.594051Z,Menera,150,online
2026-09-29T16:03:07Z,2026-09-29T16:03:33.594051Z,Monstera,44,online
2026-09-29T16:03:07Z,2026-09-29T16:03:33.594051Z,Monza,303,online
2026-09-29T16:03:07Z,2026-09-29T16:03:33.594051Z,Mystera,1,online
2026-09-29T16:03:07Z,2026-09-29T16:03:33.594051Z,Nefera,242,online
2026-09-29T16:03:07Z,2026-09-29T16:03:33.594051Z,Nevia,520,online
2026-09-29T16:03:07Z,2026-09-29T16:03:33.594051Z,Noctalia,57,online
2026-09-29T16:03:07Z,2026-09-29T16:03:33.594051Z,Oceanis,36,online
2026-09-29T16:03:07Z,2026-09-29T16:03:33.594051Z,Ombra,152,online
2026-09-29T16:03:07Z,2026-09-29T16:03:33.594051Z,Opulera,46,online
2026-09-29T16:03:07Z,2026-09-29T16:03:33.594051Z,Ourobra,215,online
2026-09-29T16:03:07Z,2026-09-29T16:03:33.594051Z,Pacera,184,online
2026-09-29T16:03:07Z,2026-09-29T16:03:33.594051Z,Peloria,326,online
2026-09-29T16:03:07Z,2026-09-29T16:03:33.594051Z,Penumbra,8,online
2026-09-29T16:03:07Z,2026-09-29T16:03:33.594051Z,Premia,159,online
2026-09-29T16:03:07Z,2026-09-29T16:03:33.594051Z,Quelibra,224,online
2026-09-29T16:03:07Z,2026-09-29T16:03:33.594051Z,Quidera,194,online
2026-09-29T16:03:07Z,2026-09-29T16:03:33.594051Z,Quintera,188,online
2026-09-29T16:03:07Z,2026-09-29T16:03:33.594051Z,Rasteibra,205,online
2026-09-29T16:03:07Z,2026-09-29T16:03:33.594051Z,Refugia,330,online
2026-09-29T16:03:07Z,2026-09-29T16:03:33.594051Z,Retalia,45,online
2026-09-29T16:03:07Z,2026-09-29T16:03:33.594051Z,Secura,721,online
2026-09-29T16:03:07Z,2026-09-29T16:03:33.594051Z,Serdebra,216,online
2026-09-29T16:03:07Z,2026-09-29T16:03:33.594051Z,Sinistra,58,online
2026-09-29T16:03:07Z,2026-09-29T16:03:33.594051Z,Solidera,233,online
2026-09-29T16:03:07Z,2026-09-29T16:03:33.594051Z,Sombra,12,online
2026-09-29T16:03:07Z,2026-09-29T16:03:33.594051Z,Sonira,72,online
2026-09-29T16:03:07Z,2026-09-29T16:03:33.594051Z,Stralis,18,online
2026-09-29T16:03:07Z,2026-09-29T16:03:33.594051Z,Talera,229,online
2026-09-29T16:03:07Z,2026-09-29T16:03:33.594051Z,Tempestera,21,online
2026-09-29T16:03:07Z,2026-09-29T16:03:33.594051Z,Terribra,93,online
2026-09-29T16:03:07Z,2026-09-29T16:03:33.594051Z,Thyria,305,online
2026-09-29T16:03:07Z,2026-09-29T16:03:33.594051Z,Tornabra,151,online
2026-09-29T16:03:07Z,2026-09-29T16:03:33.594051Z,Unebra,122,online
2026-09-29T16:03:07Z,2026-09-29T16:03:33.594051Z,Ustebra,354,online
2026-09-29T16:03:07Z,2026-09-29T16:03:33.594051Z,Venebra,159,online
2026-09-29T16:03:07Z,2026-09-29T16:03:33.594051Z,Victoris,23,online
2026-09-29T16:03:07Z,2026-09-29T16:03:33.594051Z,Vunira,331,online
2026-09-29T16:03:07Z,2026-09-29T16:03:33.594051Z,Wickera,49,online
2026-09-29T16:03:07Z,2026-09-29T16:03:33.594051Z,Wintera,212,online
2026-09-29T16:03:07Z,2026-09-29T16:03:33.594051Z,Xybra,55,online
2026-09-29T16:03:07Z,2026-09-29T16:03:33.594051Z,Xyla,166,online
2026-09-29T16:03:07Z,2026-09-29T16:03:33.594051Z,Xymera,93,online
2026-09-29T16:03:07Z,2026-09-29T16:03:33.594051Z,Yonabra,185,online
2026-09-29T16:03:07Z,2026-09-29T16:03:33.594051Z,Yovera,188,online
2026-09-29T16:03:07Z,2026-09-29T16:03:33.594051Z,Yubra,88,online
2026-09-29T16:03:07Z,2026-09-29T16:03:33.594051Z,Zuna,10,online
2026-09-29T16:03:07Z,2026-09-29T16:03:33.594051Z,Zunera,15,online
2026-09-29T20:56:49Z,2026-09-29T20:57:28.255751Z,Aethera,38,online
2026-09-29T20:56:49Z,2026-09-29T20:57:28.255751Z,Antica,829,online
2026-09-29T20:56:49Z,2026-09-29T20:57:28.255751Z,Astera,346,online
2026-09-29T20:56:49Z,2026-09-29T20:57:28.255751Z,Belobra,319,online
2026-09-29T20:56:49Z,2026-09-29T20:57:28.255751Z,Blumera,166,online
2026-09-29T20:56:49Z,2026-09-29T20:57:28.255751Z,Bona,375,online
2026-09-29T20:56:49Z,2026-09-29T20:57:28.255751Z,Bravoria,76,online
2026-09-29T20:56:49Z,2026-09-29T20:57:28.255751Z,Calmera,221,online
2026-09-29T20:56:49Z,2026-09-29T20:57:28.255751Z,Cantabra,99,online
2026-09-29T20:56:49Z,2026-09-29T20:57:28.255751Z,Celebra,208,online
2026-09-29T20:56:49Z,2026-09-29T20:57:28.255751Z,Celesta,397,online
2026-09-29T20:56:49Z,2026-09-29T20:57:28.255751Z,Citra,100,online
2026-09-29T20:56:49Z,2026-09-29T20:57:28.255751Z,Collabra,190,online
2026-09-29T20:56:49Z,2026-09-29T20:57:28.255751Z,Descubra,236,online
2026-09-29T20:56:49Z,2026-09-29T20:57:28.255751Z,Dia,279,online
2026-09-29T20:56:49Z,2026-09-29T20:57:28.255751Z,Dracobra,65,online
2026-09-29T20:56:49Z,2026-09-29T20:57:28.255751Z,Eclipta,25,online
2026-09-29T20:56:49Z,2026-09-29T20:57:28.255751Z,Epoca,57,online
2026-09-29T20:56:49Z,2026-09-29T20:57:28.255751Z,Escura,2,online
2026-09-29T20:56:49Z,2026-09-29T20:57:28.255751Z,Etebra,98,online
2026-09-29T20:56:49Z,2026-09-29T20:57:28.255751Z,Ferobra,363,online
2026-09-29T20:56:49Z,2026-09-29T20:57:28.255751Z,Firmera,26,online
2026-09-29T20:56:49Z,2026-09-29T20:57:28.255751Z,Floribra,147,online
2026-09-29T20:56:49Z,2026-09-29T20:57:28.255751Z,Gentebra,264,online
2026-09-29T20:56:49Z,2026-09-29T20:57:28.255751Z,Gladera,115,online
2026-09-29T20:56:49Z,2026-09-29T20:57:28.255751Z,Gladibra,21,online
2026-09-29T20:56:49Z,2026-09-29T20:57:28.255751Z,Harmonia,283,online
2026-09-29T20:56:49Z,2026-09-29T20:57:28.255751Z,Havera,256,online
2026-09-29T20:56:49Z,2026-09-29T20:57:28.255751Z,Honbra,253,online
2026-09-29T20:56:49Z,2026-09-29T20:57:28.255751Z,Hostera,22,online
2026-09-29T20:56:49Z,2026-09-29T20:57:28.255751Z,Idyllia,37,online
2026-09-29T20:56:49Z,2026-09-29T20:57:28.255751Z,Ignibra,9,online
2026-09-29T20:56:49Z,2026-09-29T20:57:28.255751Z,Ignitera,32,online
2026-09-29T20:56:49Z,2026-09-29T20:57:28.255751Z,Inabra,374,online
2026-09-29T20:56:49Z,2026-09-29T20:57:28.255751Z,Issobra,139,online
2026-09-29T20:56:49Z,2026-09-29T20:57:28.255751Z,Jadebra,200,online
2026-09-29T20:56:49Z,2026-09-29T20:57:28.255751Z,Jinxibra,39,online
2026-09-29T20:56:49Z,2026-09-29T20:57:28.255751Z,Junera,73,online
2026-09-29T20:56:49Z,2026-09-29T20:57:28.255751Z,Kalanta,152,online
2026-09-29T20:56:49Z,2026-09-29T20:57:28.255751Z,Kalibra,251,online
2026-09-29T20:56:49Z,2026-09-29T20:57:28.255751Z,Kalimera,43,online
2026-09-29T20:56:49Z,2026-09-29T20:57:28.255751Z,Kanda,140,online
2026-09-29T20:56:49Z,2026-09-29T20:57:28.255751Z,Karmeya,247,online
2026-09-29T20:56:49Z,2026-09-29T20:57:28.255751Z,Lobera,332,online
2026-09-29T20:56:49Z,2026-09-29T20:57:28.255751Z,Luminera,177,online
2026-09-29T20:56:49Z,2026-09-29T20:57:28.255751Z,Lutabra,19,online
2026-09-29T20:56:49Z,2026-09-29T20:57:28.255751Z,Luzibra,66,online
2026-09-29T20:56:49Z,2026-09-29T20:57:28.255751Z,Maligna,69,online
2026-09-29T20:56:49Z,2026-09-29T20:57:28.255751Z,Menera,134,online
2026-09-29T20:56:49Z,2026-09-29T20:57:28.255751Z,Monstera,47,online
2026-09-29T20:56:49Z,2026-09-29T20:57:28.255751Z,Monza,315,online
2026-09-29T20:56:49Z,2026-09-29T20:57:28.255751Z,Mystera,3,online
2026-09-29T20:56:49Z,2026-09-29T20:57:28.255751Z,Nefera,357,online
2026-09-29T20:56:49Z,2026-09-29T20:57:28.255751Z,Nevia,553,online
2026-09-29T20:56:49Z,2026-09-29T20:57:28.255751Z,Noctalia,80,online
2026-09-29T20:56:49Z,2026-09-29T20:57:28.255751Z,Oceanis,23,online
2026-09-29T20:56:49Z,2026-09-29T20:57:28.255751Z,Ombra,181,online
2026-09-29T20:56:49Z,2026-09-29T20:57:28.255751Z,Opulera,70,online
2026-09-29T20:56:49Z,2026-09-29T20:57:28.255751Z,Ourobra,238,online
2026-09-29T20:56:49Z,2026-09-29T20:57:28.255751Z,Pacera,218,online
2026-09-29T20:56:49Z,2026-09-29T20:57:28.255751Z,Peloria,397,online
2026-09-29T20:56:49Z,2026-09-29T20:57:28.255751Z,Penumbra,7,online
2026-09-29T20:56:49Z,2026-09-29T20:57:28.255751Z,Premia,165,online
2026-09-29T20:56:49Z,2026-09-29T20:57:28.255751Z,Quelibra,270,online
2026-09-29T20:56:49Z,2026-09-29T20:57:28.255751Z,Quidera,233,online
2026-09-29T20:56:49Z,2026-09-29T20:57:28.255751Z,Quintera,245,online
2026-09-29T20:56:49Z,2026-09-29T20:57:28.255751Z,Rasteibra,248,online
2026-09-29T20:56:49Z,2026-09-29T20:57:28.255751Z,Refugia,383,online
2026-09-29T20:56:49Z,2026-09-29T20:57:28.255751Z,Retalia,30,online
2026-09-29T20:56:49Z,2026-09-29T20:57:28.255751Z,Secura,777,online
2026-09-29T20:56:49Z,2026-09-29T20:57:28.255751Z,Serdebra,264,online
2026-09-29T20:56:49Z,2026-09-29T20:57:28.255751Z,Sinistra,81,online
2026-09-29T20:56:49Z,2026-09-29T20:57:28.255751Z,Solidera,277,online
2026-09-29T20:56:49Z,2026-09-29T20:57:28.255751Z,Sombra,20,online
2026-09-29T20:56:49Z,2026-09-29T20:57:28.255751Z,Sonira,57,online
2026-09-29T20:56:49Z,2026-09-29T20:57:28.255751Z,Stralis,9,online
2026-09-29T20:56:49Z,2026-09-29T20:57:28.255751Z,Talera,292,online
2026-09-29T20:56:49Z,2026-09-29T20:57:28.255751Z,Tempestera,32,online
2026-09-29T20:56:49Z,2026-09-29T20:57:28.255751Z,Terribra,93,online
2026-09-29T20:56:49Z,2026-09-29T20:57:28.255751Z,Thyria,309,online
2026-09-29T20:56:49Z,2026-09-29T20:57:28.255751Z,Tornabra,143,online
2026-09-29T20:56:49Z,2026-09-29T20:57:28.255751Z,Unebra,143,online
2026-09-29T20:56:49Z,2026-09-29T20:57:28.255751Z,Ustebra,440,online
2026-09-29T20:56:49Z,2026-09-29T20:57:28.255751Z,Venebra,182,online
2026-09-29T20:56:49Z,2026-09-29T20:57:28.255751Z,Victoris,22,online
2026-09-29T20:56:49Z,2026-09-29T20:57:28.255751Z,Vunira,411,online
2026-09-29T20:56:49Z,2026-09-29T20:57:28.255751Z,Wickera,50,online
2026-09-29T20:56:49Z,2026-09-29T20:57:28.255751Z,Wintera,259,online
2026-09-29T20:56:49Z,2026-09-29T20:57:28.255751Z,Xybra,73,online
2026-09-29T20:56:49Z,2026-09-29T20:57:28.255751Z,Xyla,204,online
2026-09-29T20:56:49Z,2026-09-29T20:57:28.255751Z,Xymera,98,online
2026-09-29T20:56:49Z,2026-09-29T20:57:28.255751Z,Yonabra,215,online
2026-09-29T20:56:49Z,2026-09-29T20:57:28.255751Z,Yovera,219,online
2026-09-29T20:56:49Z,2026-09-29T20:57:28.255751Z,Yubra,112,online
2026-09-29T20:56:49Z,2026-09-29T20:57:28.255751Z,Zuna,4,online
2026-09-29T20:56:49Z,2026-09-29T20:57:28.255751Z,Zunera,12,online
2026-09-30T00:39:18Z,2026-09-30T00:39:58.962920Z,Aethera,49,online
2026-09-30T00:39:18Z,2026-09-30T00:39:58.962920Z,Antica,289,online
2026-09-30T00:39:18Z,2026-09-30T00:39:58.962920Z,Astera,391,online
2026-09-30T00:39:18Z,2026-09-30T00:39:58.962920Z,Belobra,503,online
2026-09-30T00:39:18Z,2026-09-30T00:39:58.962920Z,Blumera,198,online
2026-09-30T00:39:18Z,2026-09-30T00:39:58.962920Z,Bona,107,online
2026-09-30T00:39:18Z,2026-09-30T00:39:58.962920Z,Bravoria,22,online
2026-09-30T00:39:18Z,2026-09-30T00:39:58.962920Z,Calmera,319,online
2026-09-30T00:39:18Z,2026-09-30T00:39:58.962920Z,Cantabra,152,online
2026-09-30T00:39:18Z,2026-09-30T00:39:58.962920Z,Celebra,361,online
2026-09-30T00:39:18Z,2026-09-30T00:39:58.962920Z,Celesta,95,online
2026-09-30T00:39:18Z,2026-09-30T00:39:58.962920Z,Citra,27,online
2026-09-30T00:39:18Z,2026-09-30T00:39:58.962920Z,Collabra,287,online
2026-09-30T00:39:18Z,2026-09-30T00:39:58.962920Z,Descubra,379,online
2026-09-30T00:39:18Z,2026-09-30T00:39:58.962920Z,Dia,60,online
2026-09-30T00:39:18Z,2026-09-30T00:39:58.962920Z,Dracobra,134,online
2026-09-30T00:39:18Z,2026-09-30T00:39:58.962920Z,Eclipta,9,online
2026-09-30T00:39:18Z,2026-09-30T00:39:58.962920Z,Epoca,23,online
2026-09-30T00:39:18Z,2026-09-30T00:39:58.962920Z,Escura,0,offline
2026-09-30T00:39:18Z,2026-09-30T00:39:58.962920Z,Etebra,222,online
2026-09-30T00:39:18Z,2026-09-30T00:39:58.962920Z,Ferobra,414,online
2026-09-30T00:39:18Z,2026-09-30T00:39:58.962920Z,Firmera,51,online
2026-09-30T00:39:18Z,2026-09-30T00:39:58.962920Z,Floribra,217,online
2026-09-30T00:39:18Z,2026-09-30T00:39:58.962920Z,Gentebra,459,online
2026-09-30T00:39:18Z,2026-09-30T00:39:58.962920Z,Gladera,182,online
2026-09-30T00:39:18Z,2026-09-30T00:39:58.962920Z,Gladibra,50,online
2026-09-30T00:39:18Z,2026-09-30T00:39:58.962920Z,Harmonia,74,online
2026-09-30T00:39:18Z,2026-09-30T00:39:58.962920Z,Havera,358,online
2026-09-30T00:39:18Z,2026-09-30T00:39:58.962920Z,Honbra,328,online
2026-09-30T00:39:18Z,2026-09-30T00:39:58.962920Z,Hostera,32,online
2026-09-30T00:39:18Z,2026-09-30T00:39:58.962920Z,Idyllia,10,online
2026-09-30T00:39:18Z,2026-09-30T00:39:58.962920Z,Ignibra,4,online
2026-09-30T00:39:18Z,2026-09-30T00:39:58.962920Z,Ignitera,34,online
2026-09-30T00:39:18Z,2026-09-30T00:39:58.962920Z,Inabra,550,online
2026-09-30T00:39:18Z,2026-09-30T00:39:58.962920Z,Issobra,244,online
2026-09-30T00:39:18Z,2026-09-30T00:39:58.962920Z,Jadebra,321,online
2026-09-30T00:39:18Z,2026-09-30T00:39:58.962920Z,Jinxibra,59,online
2026-09-30T00:39:18Z,2026-09-30T00:39:58.962920Z,Junera,85,online
2026-09-30T00:39:18Z,2026-09-30T00:39:58.962920Z,Kalanta,42,online
2026-09-30T00:39:18Z,2026-09-30T00:39:58.962920Z,Kalibra,380,online
2026-09-30T00:39:18Z,2026-09-30T00:39:58.962920Z,Kalimera,62,online
2026-09-30T00:39:18Z,2026-09-30T00:39:58.962920Z,Kanda,22,online
2026-09-30T00:39:18Z,2026-09-30T00:39:58.962920Z,Karmeya,75,online
2026-09-30T00:39:18Z,2026-09-30T00:39:58.962920Z,Lobera,463,online
2026-09-30T00:39:18Z,2026-09-30T00:39:58.962920Z,Luminera,236,online
2026-09-30T00:39:18Z,2026-09-30T00:39:58.962920Z,Lutabra,28,online
2026-09-30T00:39:18Z,2026-09-30T00:39:58.962920Z,Luzibra,139,online
2026-09-30T00:39:18Z,2026-09-30T00:39:58.962920Z,Maligna,26,online
2026-09-30T00:39:18Z,2026-09-30T00:39:58.962920Z,Menera,256,online
2026-09-30T00:39:18Z,2026-09-30T00:39:58.962920Z,Monstera,50,online
2026-09-30T00:39:18Z,2026-09-30T00:39:58.962920Z,Monza,81,online
2026-09-30T00:39:18Z,2026-09-30T00:39:58.962920Z,Mystera,8,online
2026-09-30T00:39:18Z,2026-09-30T00:39:58.962920Z,Nefera,445,online
2026-09-30T00:39:18Z,2026-09-30T00:39:58.962920Z,Nevia,98,online
2026-09-30T00:39:18Z,2026-09-30T00:39:58.962920Z,Noctalia,18,online
2026-09-30T00:39:18Z,2026-09-30T00:39:58.962920Z,Oceanis,21,online
2026-09-30T00:39:18Z,2026-09-30T00:39:58.962920Z,Ombra,257,online
2026-09-30T00:39:18Z,2026-09-30T00:39:58.962920Z,Opulera,69,online
2026-09-30T00:39:18Z,2026-09-30T00:39:58.962920Z,Ourobra,350,online
2026-09-30T00:39:18Z,2026-09-30T00:39:58.962920Z,Pacera,330,online
2026-09-30T00:39:18Z,2026-09-30T00:39:58.962920Z,Peloria,112,online
2026-09-30T00:39:18Z,2026-09-30T00:39:58.962920Z,Penumbra,10,online
2026-09-30T00:39:18Z,2026-09-30T00:39:58.962920Z,Premia,51,online
2026-09-30T00:39:18Z,2026-09-30T00:39:58.962920Z,Quelibra,423,online
2026-09-30T00:39:18Z,2026-09-30T00:39:58.962920Z,Quidera,299,online
2026-09-30T00:39:18Z,2026-09-30T00:39:58.962920Z,Quintera,299,online
2026-09-30T00:39:18Z,2026-09-30T00:39:58.962920Z,Rasteibra,429,online
2026-09-30T00:39:18Z,2026-09-30T00:39:58.962920Z,Refugia,90,online
2026-09-30T00:39:18Z,2026-09-30T00:39:58.962920Z,Retalia,12,online
2026-09-30T00:39:18Z,2026-09-30T00:39:58.962920Z,Secura,178,online
2026-09-30T00:39:18Z,2026-09-30T00:39:58.962920Z,Serdebra,430,online
2026-09-30T00:39:18Z,2026-09-30T00:39:58.962920Z,Sinistra,11,online
2026-09-30T00:39:18Z,2026-09-30T00:39:58.962920Z,Solidera,350,online
2026-09-30T00:39:18Z,2026-09-30T00:39:58.962920Z,Sombra,25,online
2026-09-30T00:39:18Z,2026-09-30T00:39:58.962920Z,Sonira,14,online
2026-09-30T00:39:18Z,2026-09-30T00:39:58.962920Z,Stralis,15,online
2026-09-30T00:39:18Z,2026-09-30T00:39:58.962920Z,Talera,384,online
2026-09-30T00:39:18Z,2026-09-30T00:39:58.962920Z,Tempestera,22,online
2026-09-30T00:39:18Z,2026-09-30T00:39:58.962920Z,Terribra,118,online
2026-09-30T00:39:18Z,2026-09-30T00:39:58.962920Z,Thyria,91,online
2026-09-30T00:39:18Z,2026-09-30T00:39:58.962920Z,Tornabra,237,online
2026-09-30T00:39:18Z,2026-09-30T00:39:58.962920Z,Unebra,229,online
2026-09-30T00:39:18Z,2026-09-30T00:39:58.962920Z,Ustebra,643,online
2026-09-30T00:39:18Z,2026-09-30T00:39:58.962920Z,Venebra,295,online
2026-09-30T00:39:18Z,2026-09-30T00:39:58.962920Z,Victoris,20,online
2026-09-30T00:39:18Z,2026-09-30T00:39:58.962920Z,Vunira,129,online
2026-09-30T00:39:18Z,2026-09-30T00:39:58.962920Z,Wickera,78,online
2026-09-30T00:39:18Z,2026-09-30T00:39:58.962920Z,Wintera,369,online
2026-09-30T00:39:18Z,2026-09-30T00:39:58.962920Z,Xybra,126,online
2026-09-30T00:39:18Z,2026-09-30T00:39:58.962920Z,Xyla,45,online
2026-09-30T00:39:18Z,2026-09-30T00:39:58.962920Z,Xymera,124,online
2026-09-30T00:39:18Z,2026-09-30T00:39:58.962920Z,Yonabra,332,online
2026-09-30T00:39:18Z,2026-09-30T00:39:58.962920Z,Yovera,365,online
2026-09-30T00:39:18Z,2026-09-30T00:39:58.962920Z,Yubra,165,online
2026-09-30T00:39:18Z,2026-09-30T00:39:58.962920Z,Zuna,5,online
2026-09-30T00:39:18Z,2026-09-30T00:39:58.962920Z,Zunera,13,online
